Company Name,Model Name,RAM,Processor,Battery Capacity,Screen Size,Launched Year,Condition,age_years,Launched Price (USA),price_drop,refurbished_price
Apple,iPhone 16 128GB,6,A17 Bionic,3600,6.1,2024,Good,1,799.0,0.1,714.57
Apple,iPhone 16 256GB,6,A17 Bionic,3600,6.1,2024,regular,1,849.0,0.5358160235056788,390.11
Apple,iPhone 16 512GB,6,A17 Bionic,3600,6.1,2024,Good,1,899.0,0.24271635953198545,672.57
Apple,iPhone 16 Plus 128GB,6,A17 Bionic,4200,6.7,2024,Good,1,899.0,0.1540041659118302,745.11
Apple,iPhone 16 Plus 256GB,6,A17 Bionic,4200,6.7,2024,Excellent,1,949.0,0.1,845.62
Apple,iPhone 16 Plus 512GB,6,A17 Bionic,4200,6.7,2024,Excellent,1,999.0,0.1368954263404178,845.49
Apple,iPhone 16 Pro 128GB,6,A17 Pro,4400,6.1,2024,Excellent,1,999.0,0.1,887.89
Apple,iPhone 16 Pro 256GB,8,A17 Pro,4400,6.1,2024,regular,1,1049.0,0.15542381864942184,890.18
Apple,iPhone 16 Pro 512GB,8,A17 Pro,4400,6.1,2024,Good,1,1099.0,0.24896131377442038,800.55
Apple,iPhone 16 Pro Max 128GB,6,A17 Pro,4500,6.7,2024,Good,1,1099.0,0.1,991.18
Apple,iPhone 16 Pro Max 256GB,8,A17 Pro,4500,6.7,2024,Excellent,1,1199.0,0.15206318892861798,1021.51
Apple,iPhone 16 Pro Max 512GB,8,A17 Pro,4500,6.7,2024,regular,1,1299.0,0.1,1149.49
Apple,iPhone 15 128GB,6,A16 Bionic,3200,6.1,2023,regular,2,799.0,0.6572889093314109,261.0
Apple,iPhone 15 256GB,6,A16 Bionic,3200,6.1,2023,Good,2,849.0,0.3681493706032608,523.5
Apple,iPhone 15 512GB,6,A16 Bionic,3200,6.1,2023,Excellent,2,949.0,0.16400743357846892,796.89
Apple,iPhone 15 Plus 128GB,6,A16 Bionic,4300,6.7,2023,Excellent,2,899.0,0.3456727459863785,579.21
Apple,iPhone 15 Plus 256GB,6,A16 Bionic,4300,6.7,2023,Good,2,999.0,0.6663686111156442,323.3
Apple,iPhone 15 Plus 512GB,6,A16 Bionic,4300,6.7,2023,Good,2,1049.0,0.5035925162545326,508.98
Apple,iPhone 15 Pro 128GB,6,A16 Bionic,4400,6.1,2023,Good,2,1099.0,0.1,986.74
Apple,iPhone 15 Pro 256GB,8,A16 Bionic,4400,6.1,2023,Good,2,1199.0,0.1,1071.76
Apple,iPhone 15 Pro 512GB,8,A16 Bionic,4400,6.1,2023,Good,2,1299.0,0.1,1147.37
Apple,iPhone 15 Pro Max 128GB,6,A16 Bionic,4500,6.7,2023,Excellent,2,1199.0,0.10652276255270846,1049.32
Apple,iPhone 15 Pro Max 256GB,8,A16 Bionic,4500,6.7,2023,Good,2,1299.0,0.3794147551172808,789.31
Apple,iPhone 15 Pro Max 512GB,8,A16 Bionic,4500,6.7,2023,Good,2,1399.0,0.1,1222.79
Apple,iPhone 14 128GB,6,A15 Bionic,3200,6.1,2022,Good,3,799.0,0.34669169111926956,526.81
Apple,iPhone 14 256GB,6,A15 Bionic,3200,6.1,2022,Good,3,849.0,0.11115426691166935,739.66
Apple,iPhone 14 512GB,6,A15 Bionic,3200,6.1,2022,Excellent,3,949.0,0.1,856.88
Apple,iPhone 14 Plus 128GB,6,A15 Bionic,4325,6.7,2022,Good,3,899.0,0.1,815.43
Apple,iPhone 14 Plus 256GB,6,A15 Bionic,4325,6.7,2022,Good,3,999.0,0.1,899.08
Apple,iPhone 14 Plus 512GB,6,A15 Bionic,4325,6.7,2022,Excellent,3,1049.0,0.1,923.83
Apple,iPhone 14 Pro 128GB,6,A16 Bionic,4200,6.1,2022,Good,3,1099.0,0.1,980.25
Apple,iPhone 14 Pro 256GB,8,A16 Bionic,4200,6.1,2022,Excellent,3,1199.0,0.4134104491519599,692.52
Apple,iPhone 14 Pro 512GB,8,A16 Bionic,4200,6.1,2022,Excellent,3,1299.0,0.1,1135.72
Apple,iPhone 14 Pro Max 128GB,6,A16 Bionic,4500,6.7,2022,regular,3,1199.0,0.7,356.05
Apple,iPhone 14 Pro Max 256GB,8,A16 Bionic,4500,6.7,2022,regular,3,1299.0,0.5733294752202224,536.13
Apple,iPhone 14 Pro Max 512GB,8,A16 Bionic,4500,6.7,2022,regular,3,1399.0,0.4962090309237186,706.79
Apple,iPhone 13 mini 128GB,4,A15 Bionic,2438,5.4,2021,Good,4,699.0,0.13541055495469662,591.07
Apple,iPhone 13 mini 256GB,4,A15 Bionic,2438,5.4,2021,Excellent,4,799.0,0.3750774698522478,493.33
Apple,iPhone 13 mini 512GB,4,A15 Bionic,2438,5.4,2021,Good,4,899.0,0.20609054344055655,706.05
Apple,iPhone 13 128GB,4,A15 Bionic,3240,6.1,2021,Good,4,799.0,0.3805024536613404,485.63
Apple,iPhone 13 256GB,4,A15 Bionic,3240,6.1,2021,Excellent,4,899.0,0.7,268.03
Apple,iPhone 13 512GB,4,A15 Bionic,3240,6.1,2021,Good,4,999.0,0.32598502506883753,658.44
Apple,iPhone 13 Pro 128GB,6,A15 Bionic,3095,6.1,2021,Excellent,4,999.0,0.4873183315714189,511.18
Apple,iPhone 13 Pro 256GB,6,A15 Bionic,3095,6.1,2021,regular,4,1099.0,0.32420589371852815,716.56
Apple,iPhone 13 Pro 512GB,6,A15 Bionic,3095,6.1,2021,Good,4,1199.0,0.3412528773757596,779.49
Apple,iPhone 13 Pro Max 128GB,6,A15 Bionic,4352,6.7,2021,Good,4,1099.0,0.7,334.34
Apple,iPhone 13 Pro Max 256GB,6,A15 Bionic,4352,6.7,2021,Good,4,1199.0,0.19325823555305816,938.26
Apple,iPhone 13 Pro Max 512GB,6,A15 Bionic,4352,6.7,2021,Good,4,1399.0,0.7,409.14
Apple,iPhone 12 mini 64GB,4,A14 Bionic,2227,5.4,2020,Good,5,699.0,0.5769379838638689,293.56
Apple,iPhone 12 mini 128GB,4,A14 Bionic,2227,5.4,2020,Excellent,5,799.0,0.10938330602643309,702.85
Apple,iPhone 12 mini 256GB,4,A14 Bionic,2227,5.4,2020,regular,5,899.0,0.7,267.07
Apple,iPhone 12 64GB,4,A14 Bionic,2815,6.1,2020,Good,5,799.0,0.6431386124066825,282.95
Apple,iPhone 12 128GB,4,A14 Bionic,2815,6.1,2020,regular,5,899.0,0.7,268.22
Apple,iPhone 12 256GB,4,A14 Bionic,2815,6.1,2020,regular,5,999.0,0.15744382002738588,843.1
Apple,iPhone 12 Pro 128GB,6,A14 Bionic,2815,6.1,2020,Good,5,999.0,0.21821570604378293,774.09
Apple,iPhone 12 Pro 256GB,6,A14 Bionic,2815,6.1,2020,regular,5,1099.0,0.48812034111212377,552.08
Apple,iPhone 12 Pro 512GB,6,A14 Bionic,2815,6.1,2020,Excellent,5,1199.0,0.23139164272498847,917.04
Apple,iPhone 12 Pro Max 128GB,6,A14 Bionic,3687,6.7,2020,Excellent,5,1099.0,0.4051680243876695,662.54
Apple,iPhone 12 Pro Max 256GB,6,A14 Bionic,3687,6.7,2020,Excellent,5,1199.0,0.29442525023331345,831.61
Apple,iPhone 12 Pro Max 512GB,6,A14 Bionic,3687,6.7,2020,Good,5,1399.0,0.1,1221.81
Apple,iPhone 11 64GB,4,A13 Bionic,3110,6.1,2019,Good,6,699.0,0.5450494627514909,318.52
Apple,iPhone 11 128GB,4,A13 Bionic,3110,6.1,2019,Good,6,799.0,0.6026464363209558,312.15
Apple,iPhone 11 256GB,4,A13 Bionic,3110,6.1,2019,regular,6,899.0,0.7,256.86
Apple,iPhone 11 Pro 64GB,4,A13 Bionic,3046,5.8,2019,Good,6,999.0,0.7,299.01
Apple,iPhone 11 Pro 256GB,4,A13 Bionic,3046,5.8,2019,Good,6,1099.0,0.6584805386372261,366.69
Apple,iPhone 11 Pro 512GB,4,A13 Bionic,3046,5.8,2019,Good,6,1199.0,0.5647950198071092,513.27
Apple,iPhone 11 Pro Max 64GB,4,A13 Bionic,3969,6.5,2019,Excellent,6,1099.0,0.2824585721353383,780.68
Apple,iPhone 11 Pro Max 256GB,4,A13 Bionic,3969,6.5,2019,regular,6,1199.0,0.18475976662100213,965.6
Apple,iPhone 11 Pro Max 512GB,4,A13 Bionic,3969,6.5,2019,Excellent,6,1399.0,0.4074045547831465,825.43
Apple,iPhone X 64GB,3,A11 Bionic,2716,5.8,2017,regular,8,999.0,0.7,293.25
Apple,iPhone X 256GB,3,A11 Bionic,2716,5.8,2017,Good,8,1099.0,0.6178947092988434,416.87
Apple,iPhone XS 64GB,4,A12 Bionic,2658,5.8,2018,Excellent,7,999.0,0.1,882.11
Apple,iPhone XS 256GB,4,A12 Bionic,2658,5.8,2018,Excellent,7,1099.0,0.1,985.22
Apple,iPhone XS 512GB,4,A12 Bionic,2658,5.8,2018,regular,7,1299.0,0.7,387.45
Apple,iPhone XS Max 64GB,4,A12 Bionic,3174,6.5,2018,Good,7,1099.0,0.49011121153583626,544.1
Apple,iPhone XS Max 256GB,4,A12 Bionic,3174,6.5,2018,Good,7,1249.0,0.6703751743431561,412.23
Apple,iPhone XS Max 512GB,4,A12 Bionic,3174,6.5,2018,Good,7,1399.0,0.5070795940326154,673.71
Apple,iPhone XR 64GB,3,A12 Bionic,2942,6.1,2018,Excellent,7,749.0,0.3574390348739363,479.89
Apple,iPhone XR 128GB,3,A12 Bionic,2942,6.1,2018,Good,7,799.0,0.7,237.43
Apple,iPhone XR 256GB,3,A12 Bionic,2942,6.1,2018,Excellent,7,899.0,0.2209888179456565,709.14
Apple,iPad Air 10.9-inch 64GB,4,A14 Bionic,7608,10.9,2020,regular,5,599.0,0.5740301942352458,250.47
Apple,iPad Air 10.9-inch 256GB,4,A14 Bionic,7608,10.9,2020,Good,5,749.0,0.28443117782373945,525.11
Apple,iPad 10.2-inch 32GB,3,A13 Bionic,8612,10.2,2020,Good,5,329.0,0.29137594314192117,229.57
Apple,iPad 10.2-inch 128GB,3,A13 Bionic,8612,10.2,2020,Excellent,5,429.0,0.17270696913284017,347.97
Apple,iPad Mini 7.9-inch 64GB,3,A12 Bionic,5124,7.9,2019,Good,6,399.0,0.5055334429084283,196.7
Apple,iPad Mini 7.9-inch 256GB,3,A12 Bionic,5124,7.9,2019,Good,6,499.0,0.3303128445841308,321.06
Apple,iPad Pro 11-inch 128GB,4,A12Z Bionic,7812,11.0,2020,Good,5,799.0,0.7,232.32
Apple,iPad Pro 11-inch 256GB,4,A12Z Bionic,7812,11.0,2020,Good,5,899.0,0.17634817444512407,717.5
Apple,iPad Pro 11-inch 512GB,6,A12Z Bionic,7812,11.0,2020,regular,5,1099.0,0.5032820889596602,545.49
Apple,iPad Pro 12.9-inch 128GB,6,A12Z Bionic,9720,12.9,2020,Good,5,999.0,0.2900672354314563,716.78
Apple,iPad Pro 12.9-inch 256GB,6,A12Z Bionic,9720,12.9,2020,Excellent,5,1099.0,0.6117444710884332,419.62
Apple,iPad Pro 12.9-inch 512GB,6,A12Z Bionic,9720,12.9,2020,Good,5,1299.0,0.4491386941278937,703.02
Apple,iPad Pro 13-inch 128GB,6,A12Z Bionic,10307,13.0,2020,Good,5,1099.0,0.6579611348671588,370.66
Apple,iPad Pro 13-inch 256GB,6,A12Z Bionic,10307,13.0,2020,Good,5,1199.0,0.1,1081.72
Apple,iPad Pro 13-inch 512GB,6,A12Z Bionic,10307,13.0,2020,Good,5,1399.0,0.46676256646731473,724.43
Apple,iPad Pro 13-inch 1TB,6,A12Z Bionic,10307,13.0,2020,Good,5,1599.0,0.6224076989058593,596.87
Apple,iPad Pro 13-inch 2TB,6,A12Z Bionic,10307,13.0,2020,Good,5,1799.0,0.4205709973188561,1042.0
Samsung,Galaxy S24 Ultra 128GB,12,Exynos 2400,5000,6.8,2024,Good,1,1199.0,0.46637009376633776,635.03
Samsung,Galaxy S24 Ultra 256GB,12,Exynos 2400,5000,6.8,2024,Excellent,1,1299.0,0.1,1154.89
Samsung,Galaxy S24+ 128GB,8,Exynos 2400,4800,6.6,2024,Excellent,1,899.0,0.402336860046395,537.31
Samsung,Galaxy S24+ 256GB,8,Exynos 2400,4800,6.6,2024,Excellent,1,999.0,0.6247245309048126,354.08
Samsung,Galaxy S24 128GB,8,Exynos 2400,4000,6.1,2024,Good,1,799.0,0.10929035989008523,708.24
Samsung,Galaxy S24 256GB,8,Exynos 2400,4000,6.1,2024,Good,1,899.0,0.1,789.03
Samsung,Galaxy S23 Ultra 128GB,12,Snapdragon 8 Gen 2,5000,6.8,2023,Good,2,1199.0,0.6133461192794253,443.91
Samsung,Galaxy S23 Ultra 256GB,12,Snapdragon 8 Gen 2,5000,6.8,2023,regular,2,1299.0,0.7,386.84
Samsung,Galaxy S23+ 128GB,8,Snapdragon 8 Gen 2,4700,6.6,2023,Good,2,899.0,0.11928499321168295,796.2
Samsung,Galaxy S23+ 256GB,8,Snapdragon 8 Gen 2,4700,6.6,2023,Good,2,999.0,0.1449532957260357,839.62
Samsung,Galaxy S23 128GB,8,Snapdragon 8 Gen 2,3900,6.1,2023,Good,2,799.0,0.1795538477848732,655.07
Samsung,Galaxy S23 256GB,8,Snapdragon 8 Gen 2,3900,6.1,2023,Good,2,899.0,0.1,816.53
Samsung,Galaxy S22 Ultra 128GB,12,Exynos 2200,5000,6.8,2022,Excellent,3,1099.0,0.1,993.77
Samsung,Galaxy S22 Ultra 256GB,12,Exynos 2200,5000,6.8,2022,Good,3,1199.0,0.1,1089.46
Samsung,Galaxy S22+ 128GB,8,Exynos 2200,4500,6.6,2022,Excellent,3,799.0,0.1,716.32
Samsung,Galaxy S22+ 256GB,8,Exynos 2200,4500,6.6,2022,regular,3,899.0,0.4413287781533048,495.28
Samsung,Galaxy S22 128GB,8,Exynos 2200,3800,6.1,2022,regular,3,699.0,0.5085536831341303,330.11
Samsung,Galaxy S22 256GB,8,Exynos 2200,3800,6.1,2022,Good,3,799.0,0.6876251232035192,244.92
Samsung,Galaxy Z Fold 5 256GB,12,Snapdragon 8 Gen 2,4400,7.6,2023,regular,2,1799.0,0.15041148981530228,1486.15
Samsung,Galaxy Z Fold 5 512GB,12,Snapdragon 8 Gen 2,4400,7.6,2023,regular,2,1899.0,0.646080599619146,683.9
Samsung,Galaxy Z Flip 5 256GB,8,Snapdragon 8 Gen 2,3700,6.7,2023,Excellent,2,999.0,0.1,883.24
Samsung,Galaxy Z Flip 5 512GB,8,Snapdragon 8 Gen 2,3700,6.7,2023,regular,2,1099.0,0.3876340725868918,664.14
Samsung,Galaxy Z Fold 4 256GB,12,Snapdragon 8 Gen 1,4400,7.6,2022,Good,3,1799.0,0.468704873041651,949.37
Samsung,Galaxy Z Fold 4 512GB,12,Snapdragon 8 Gen 1,4400,7.6,2022,regular,3,1899.0,0.1693194946094254,1554.83
Samsung,Galaxy Z Flip 4 256GB,8,Snapdragon 8 Gen 1,3700,6.7,2022,regular,3,999.0,0.5456024365460127,458.68
Samsung,Galaxy Z Flip 4 512GB,8,Snapdragon 8 Gen 1,3700,6.7,2022,Good,3,1099.0,0.34161305205326403,705.96
Samsung,Galaxy A54 128GB,6,Exynos 1380,5000,6.4,2023,Excellent,2,399.0,0.22311281600203728,306.23
Samsung,Galaxy A54 256GB,6,Exynos 1380,5000,6.4,2023,Good,2,449.0,0.32229216097695457,296.34
Samsung,Galaxy A34 128GB,6,MediaTek Dimensity 1080,5000,6.6,2023,Good,2,349.0,0.7,101.06
Samsung,Galaxy A34 256GB,6,MediaTek Dimensity 1080,5000,6.6,2023,regular,2,399.0,0.24056500393717106,295.69
Samsung,Galaxy A24 128GB,6,MediaTek Helio G99,5000,6.5,2023,regular,2,299.0,0.2672507612495456,215.68
Samsung,Galaxy A24 256GB,6,MediaTek Helio G99,5000,6.5,2023,Excellent,2,349.0,0.1,307.37
Samsung,Galaxy A14 128GB,4,Exynos 850,5000,6.6,2023,Good,2,249.0,0.11113072020993636,215.71
Samsung,Galaxy A14 256GB,4,Exynos 850,5000,6.6,2023,Good,2,299.0,0.1,259.39
Samsung,Galaxy A04 64GB,4,Exynos 850,5000,6.5,2022,Good,3,199.0,0.597254132776888,78.84
Samsung,Galaxy A04 128GB,4,Exynos 850,5000,6.5,2022,Excellent,3,249.0,0.5051260619974638,118.59
Samsung,Galaxy M54 128GB,8,Exynos 1380,6000,6.7,2023,Good,2,349.0,0.10731342656263099,310.43
Samsung,Galaxy M54 256GB,8,Exynos 1380,6000,6.7,2023,regular,2,399.0,0.19191110672394285,317.99
Samsung,Galaxy M34 128GB,6,Exynos 1280,6000,6.5,2023,Good,2,299.0,0.36785388909660105,182.04
Samsung,Galaxy M34 256GB,6,Exynos 1280,6000,6.5,2023,Good,2,349.0,0.11194423892975724,303.84
Samsung,Galaxy M14 128GB,4,Exynos 850,6000,6.6,2023,Good,2,249.0,0.40823295443887775,143.48
Samsung,Galaxy M14 256GB,4,Exynos 850,6000,6.6,2023,Good,2,299.0,0.30073075521282494,206.95
Samsung,Galaxy M04 64GB,4,MediaTek Helio P35,5000,6.5,2022,regular,3,199.0,0.1,180.01
Samsung,Galaxy M04 128GB,4,MediaTek Helio P35,5000,6.5,2022,regular,3,249.0,0.7,71.48
Samsung,Galaxy F54 128GB,8,Exynos 1380,6000,6.7,2023,Good,2,349.0,0.6989694182738805,103.67
Samsung,Galaxy F54 256GB,8,Exynos 1380,6000,6.7,2023,Good,2,399.0,0.1,352.85
Samsung,Galaxy F34 128GB,6,Exynos 1280,6000,6.5,2023,Good,2,299.0,0.15307461001600398,251.98
Samsung,Galaxy F34 256GB,6,Exynos 1280,6000,6.5,2023,Good,2,349.0,0.3214663476812263,234.01
Samsung,Galaxy F14 128GB,4,Exynos 850,6000,6.6,2023,Excellent,2,249.0,0.18361419749675625,197.94
Samsung,Galaxy F14 256GB,4,Exynos 850,6000,6.6,2023,Good,2,299.0,0.41463606816820764,171.56
Samsung,Galaxy Note 20 Ultra 128GB,12,Exynos 990,4500,6.9,2020,Good,5,1299.0,0.7,379.2
Samsung,Galaxy Note 20 Ultra 256GB,12,Exynos 990,4500,6.9,2020,Excellent,5,1399.0,0.20576319312648766,1112.4
Samsung,Galaxy Note 20 128GB,8,Exynos 990,4300,6.7,2020,Good,5,999.0,0.2004256888653866,787.05
Samsung,Galaxy Note 20 256GB,8,Exynos 990,4300,6.7,2020,regular,5,1099.0,0.20517019299636818,885.33
Samsung,Galaxy Note 10+ 256GB,12,Exynos 9825,4300,6.8,2019,Good,6,1099.0,0.2672674900145203,792.46
Samsung,Galaxy Note 10+ 512GB,12,Exynos 9825,4300,6.8,2019,Excellent,6,1199.0,0.29171825678155083,827.47
Samsung,Galaxy Note 10 256GB,8,Exynos 9825,3500,6.3,2019,Good,6,949.0,0.7,273.97
Samsung,Galaxy Note 10 128GB,8,Exynos 9825,3500,6.3,2019,regular,6,899.0,0.4705971752409571,455.92
Samsung,Galaxy Xcover 6 Pro 128GB,6,Exynos 1380,4050,6.6,2022,Good,3,499.0,0.3559469879097247,308.93
Samsung,Galaxy Xcover 5 64GB,4,Exynos 850,3000,5.3,2020,Good,5,249.0,0.39589427598181204,148.77
Samsung,Galaxy J8 64GB,4,Snapdragon 450,3500,6.0,2018,Good,7,199.0,0.7,59.26
Samsung,Galaxy J7 Pro 64GB,3,Exynos 7870,3600,5.5,2017,Good,8,179.0,0.7,51.62
Samsung,Galaxy J6+ 64GB,4,Snapdragon 425,3300,6.0,2018,Good,7,169.0,0.36728280676991987,106.76
Samsung,Galaxy J4 16GB,2,Exynos 7570,3000,5.5,2018,Good,7,129.0,0.3776401393704445,78.5
Samsung,Galaxy C9 Pro 64GB,6,Snapdragon 653,4000,6.0,2016,Good,9,399.0,0.7,118.17
Samsung,Galaxy C7 Pro 64GB,4,Snapdragon 625,3300,5.7,2017,Good,8,299.0,0.7,90.52
Samsung,Galaxy C5 32GB,4,Snapdragon 617,2600,5.2,2016,Good,9,249.0,0.7,74.58
Samsung,Galaxy W22 5G 256GB,12,Snapdragon 888,4500,7.6,2021,Excellent,4,1499.0,0.345982046331491,961.72
Samsung,Galaxy W21 5G 256GB,12,Snapdragon 888,4500,7.6,2020,regular,5,1399.0,0.4601769773032351,733.79
Samsung,Galaxy Tab S9 Ultra 256GB,12,Snapdragon 8 Gen 2,11200,14.6,2023,Good,2,1199.0,0.39766370767307735,688.06
Samsung,Galaxy Tab S9+ 256GB,12,Snapdragon 8 Gen 2,10090,12.4,2023,Excellent,2,999.0,0.3771758951457269,606.16
Samsung,Galaxy Tab S9 128GB,8,Snapdragon 8 Gen 2,8400,11.0,2023,Excellent,2,799.0,0.305120545299341,545.12
Samsung,Galaxy Tab S9 FE 128GB,6,Exynos 1380,8000,10.9,2023,Good,2,549.0,0.37681850777682446,331.93
Samsung,Galaxy Tab S8 Ultra 256GB,12,Snapdragon 8 Gen 1,11200,14.6,2022,Good,3,1099.0,0.5666686723972885,468.15
Samsung,Galaxy Tab S8+ 256GB,8,Snapdragon 8 Gen 1,10090,12.4,2022,Excellent,3,899.0,0.4423238976114182,494.41
Samsung,Galaxy Tab S8 128GB,8,Snapdragon 8 Gen 1,8000,11.0,2022,Good,3,699.0,0.6455397477593818,243.22
Samsung,Galaxy Tab A9+ 128GB,8,Snapdragon 695,7040,11.0,2023,Good,2,229.0,0.4121774718974107,131.28
Samsung,Galaxy Tab A9 64GB,4,MediaTek Helio G99,5100,8.7,2023,Good,2,179.0,0.20822047992078643,139.96
Samsung,Galaxy Tab A8 64GB,4,Unisoc T618,7040,10.5,2022,Excellent,3,199.0,0.18667842160833076,160.5
Samsung,Galaxy Tab A7 Lite 32GB,3,MediaTek Helio P22T,5100,8.7,2021,Good,4,149.0,0.6516272416270892,50.28
Samsung,Galaxy Tab Active 5 128GB,6,Exynos 1380,5050,8.0,2024,Good,1,549.0,0.1,497.15
Samsung,Galaxy Tab Active 4 Pro 128GB,6,Snapdragon 778G,7600,10.1,2022,regular,3,649.0,0.5421683272182254,292.24
Samsung,Galaxy Tab Active 3 64GB,4,Exynos 9810,5050,8.0,2020,Excellent,5,499.0,0.15166529691815986,417.09
OnePlus,OnePlus 12 256GB,12,Snapdragon 8 Gen 3,5000,6.7,2024,Good,1,799.0,0.20718620573370436,630.69
OnePlus,OnePlus 12R 256GB,12,Snapdragon 8 Gen 2,4500,6.7,2024,Excellent,1,699.0,0.36961296565182467,435.57
OnePlus,OnePlus 11 256GB,12,Snapdragon 8 Gen 1,5000,6.7,2023,regular,2,699.0,0.44777476700497587,385.73
OnePlus,OnePlus 11R 256GB,12,Snapdragon 8 Gen 1,5000,6.7,2023,regular,2,599.0,0.41160913703903723,348.68
OnePlus,OnePlus Nord 3 256GB,12,MediaTek Dimensity 9000,5000,6.74,2023,Good,2,499.0,0.1,438.24
OnePlus,OnePlus Nord CE 3 128GB,8,Snapdragon 782G,5000,6.72,2023,Good,2,399.0,0.43656339150680523,222.66
OnePlus,OnePlus Nord CE 3 Lite 128GB,8,Snapdragon 695,5000,6.72,2023,regular,2,299.0,0.5613710452852689,126.93
OnePlus,OnePlus Nord N30 5G 128GB,8,MediaTek Dimensity 6020,5000,6.72,2023,Good,2,249.0,0.7,73.7
OnePlus,OnePlus Open 256GB,16,Snapdragon 8 Gen 2,4800,7.8,2024,Good,1,1099.0,0.12305544126174978,948.83
OnePlus,OnePlus 10 Pro 256GB,12,Snapdragon 8 Gen 1,5000,6.7,2022,Good,3,899.0,0.35478758191598475,569.53
OnePlus,OnePlus 10T 256GB,12,Snapdragon 8+ Gen 1,4500,6.7,2022,Excellent,3,749.0,0.21234592092768886,579.97
OnePlus,OnePlus 9 Pro 256GB,12,Snapdragon 888,4500,6.7,2021,regular,4,699.0,0.7,200.64
OnePlus,OnePlus 9 128GB,8,Snapdragon 888,4500,6.55,2021,regular,4,599.0,0.476176116903262,306.48
OnePlus,OnePlus 11 Pro 256GB,16,Snapdragon 8 Gen 2,5000,6.7,2023,Good,2,899.0,0.31975538144258486,603.22
OnePlus,OnePlus Nord 2T 128GB,8,MediaTek Dimensity 1300,4500,6.43,2022,Good,3,399.0,0.4519741274291348,215.91
OnePlus,OnePlus Nord 2 128GB,8,MediaTek Dimensity 1200-AI,4500,6.43,2021,Good,4,349.0,0.39665228078908954,204.16
OnePlus,OnePlus Nord N200 64GB,4,Snapdragon 480,5000,6.49,2021,Good,4,199.0,0.23839159636236795,152.16
OnePlus,OnePlus Nord N100 64GB,4,Qualcomm Snapdragon 460,5000,6.52,2020,regular,5,179.0,0.5985224982245768,69.85
OnePlus,OnePlus 8T Cyberpunk 2077 Edition 256GB,12,Snapdragon 865,4500,6.55,2020,regular,5,749.0,0.7,224.6
OnePlus,OnePlus 9T 128GB,8,Snapdragon 888,4500,6.55,2021,Good,4,649.0,0.1,579.08
OnePlus,OnePlus 8T 256GB,12,Snapdragon 865,4500,6.55,2020,Good,5,599.0,0.4332424185367191,331.1
OnePlus,OnePlus 10T 5G 256GB,12,Snapdragon 8+ Gen 1,4500,6.7,2022,Excellent,3,749.0,0.1,681.94
OnePlus,OnePlus 9R 5G 128GB,8,Snapdragon 870,4500,6.55,2021,Excellent,4,599.0,0.4987616572312106,290.36
OnePlus,OnePlus 8 Pro 256GB,12,Snapdragon 865,4510,6.78,2020,regular,5,749.0,0.1692032738040563,621.51
OnePlus,OnePlus 8 128GB,8,Snapdragon 865,4300,6.55,2020,Good,5,699.0,0.26026953818210297,517.08
OnePlus,OnePlus Nord CE 2 Lite 128GB,6,MediaTek Dimensity 900,5000,6.59,2022,Excellent,3,249.0,0.24430296876613028,183.45
OnePlus,OnePlus Nord CE 2 128GB,8,MediaTek Dimensity 1200,4500,6.43,2022,Excellent,3,299.0,0.5413810073085852,137.93
OnePlus,OnePlus Nord 1 128GB,6,Snapdragon 765G,4115,6.44,2020,Good,5,349.0,0.3835624347317531,211.1
OnePlus,OnePlus Nord CE 5G 128GB,6,Snapdragon 750G,4500,6.43,2021,Excellent,4,299.0,0.1,266.23
OnePlus,OnePlus Nord 2 5G 128GB,8,MediaTek Dimensity 1200-AI,4500,6.43,2021,Excellent,4,399.0,0.6702892673601475,130.09
OnePlus,OnePlus Nord N100 5G 64GB,4,Qualcomm Snapdragon 460,5000,6.52,2020,Good,5,179.0,0.1,158.36
OnePlus,OnePlus Nord N10 5G 128GB,6,Qualcomm Snapdragon 690,4300,6.49,2020,Good,5,299.0,0.1,268.34
OnePlus,OnePlus 8R 128GB,8,Snapdragon 865,4300,6.55,2020,Good,5,649.0,0.5100036125133331,317.02
OnePlus,OnePlus 7R 128GB,6,Snapdragon 855,3700,6.41,2020,Good,5,599.0,0.2744864439118473,416.67
OnePlus,OnePlus 6T McLaren Edition 256GB,10,Snapdragon 845,3700,6.41,2018,Good,7,799.0,0.2446917957173217,606.25
OnePlus,OnePlus 5T Star Wars Edition 128GB,6,Snapdragon 835,3300,6.01,2017,Good,8,649.0,0.7,186.92
OnePlus,OnePlus 13R 128GB,8,Snapdragon 8 Gen 2,4500,6.7,2023,Good,2,849.0,0.3109501784427997,585.29
OnePlus,OnePlus 11T 128GB,12,Snapdragon 8 Gen 2,5000,6.7,2023,Good,2,799.0,0.10898034231581794,713.28
OnePlus,OnePlus 10R 128GB,8,MediaTek Dimensity 8100,4500,6.7,2022,Good,3,599.0,0.1,522.19
OnePlus,OnePlus 7 Pro 5G 256GB,12,Snapdragon 855,4000,6.67,2019,regular,6,799.0,0.7,234.63
OnePlus,OnePlus 6 Special Edition 128GB,6,Snapdragon 845,3300,6.28,2018,Good,7,599.0,0.6625502944896653,195.75
OnePlus,OnePlus 5 Special Edition 128GB,8,Snapdragon 835,3300,5.5,2017,Good,8,599.0,0.5252060340551542,279.22
OnePlus,OnePlus Nord X 128GB,8,Snapdragon 765G,4000,6.44,2020,Excellent,5,299.0,0.7,87.94
OnePlus,OnePlus 8 Pro McLaren Edition 256GB,12,Snapdragon 865,4510,6.78,2020,Good,5,899.0,0.13247880841846194,777.32
OnePlus,OnePlus 8T Cyberpunk Edition 256GB,12,Snapdragon 865,4500,6.55,2020,Good,5,799.0,0.1,722.45
OnePlus,OnePlus 7T Pro 5G McLaren Edition 256GB,12,Snapdragon 855,4085,6.67,2019,Good,6,899.0,0.277022982529689,653.81
OnePlus,OnePlus 15R 128GB,12,Snapdragon 8 Gen 3,5000,6.7,2023,regular,2,849.0,0.3886034959111256,506.91
OnePlus,OnePlus 14+ 128GB,8,Snapdragon 8 Gen 2,4800,6.55,2023,Good,2,799.0,0.310834862330673,540.66
OnePlus,OnePlus 13 Pro 256GB,12,Snapdragon 8 Gen 2,5000,6.7,2023,regular,2,899.0,0.3396909855359176,569.72
OnePlus,OnePlus 12T 5G 256GB,12,Snapdragon 8 Gen 2,5000,6.7,2023,Good,2,849.0,0.33801384912857424,546.8
OnePlus,OnePlus Pad,8,MediaTek Dimensity 9000,9510,11.61,2023,Good,2,499.0,0.1,448.86
OnePlus,OnePlus Pad 2,8,MediaTek Dimensity 9000,9510,11.61,2024,Good,1,549.0,0.5609411510183149,243.27
OnePlus,OnePlus Pad Pro,12,Snapdragon 8 Gen 3,11000,12.4,2024,Good,1,799.0,0.17946220540185778,633.64
Vivo,X200 128GB,12,Dimensity 9400,6000,6.78,2024,Good,1,999.0,0.47932395789703186,507.73
Vivo,X200 256GB,12,Dimensity 9400,6000,6.78,2024,Excellent,1,1099.0,0.13568133659442605,935.26
Vivo,X200 Pro 256GB,16,Dimensity 9400,6000,6.78,2024,Good,1,1199.0,0.31418830478844595,813.41
Vivo,X200 Pro 512GB,16,Dimensity 9400,6000,6.78,2024,Good,1,1299.0,0.34244182005805096,830.98
Vivo,X200 Pro Mini 256GB,16,Dimensity 9400,5700,6.31,2024,Excellent,1,949.0,0.16192714000432876,788.46
Vivo,V40e 128GB,8,Snapdragon 778G,4100,6.44,2024,Good,1,449.0,0.36068068996688596,280.71
Vivo,Y200 GT 128GB,12,Dimensity 1200,5000,6.58,2024,Excellent,1,399.0,0.3822881325331079,242.72
Vivo,T3 5G 128GB,8,Snapdragon 870,5000,6.67,2024,regular,1,349.0,0.39913029242536757,208.28
Vivo,Y100 5G 128GB,8,Dimensity 900,4500,6.38,2024,regular,1,299.0,0.5272509393971281,139.25
Vivo,S18 Pro 256GB,12,Snapdragon 8 Gen 2,4700,6.56,2024,regular,1,599.0,0.32756607642819335,394.11
Vivo,V30 Pro 128GB,12,Dimensity 1100,4500,6.44,2024,Good,1,549.0,0.5600293038623682,237.52
Vivo,iQOO 12 256GB,16,Snapdragon 8 Gen 3,5000,6.78,2024,Excellent,1,699.0,0.1,618.83
Vivo,Z3 64GB,6,Snapdragon 710,3315,6.3,2018,regular,7,249.0,0.7,73.16
Vivo,V9 64GB,4,Snapdragon 626,3260,6.3,2018,Good,7,219.0,0.4899605123389142,109.59
Vivo,X9 Plus 128GB,6,Snapdragon 653,4000,5.88,2017,regular,8,299.0,0.3423062244704881,198.42
Vivo,Y81 32GB,3,MediaTek Helio P22,3260,6.22,2018,regular,7,149.0,0.6820261037276973,47.07
Vivo,X5Max 16GB,2,Snapdragon 615,2300,5.5,2014,regular,11,199.0,0.6797370856312798,62.49
Vivo,V5 Plus 64GB,4,Snapdragon 625,3055,5.5,2017,Good,8,249.0,0.7,74.36
Vivo,Y95 64GB,4,Snapdragon 439,4030,6.22,2018,Good,7,199.0,0.3368440051744023,129.33
Vivo,V3 Max 32GB,4,Snapdragon 652,3000,5.5,2016,regular,9,179.0,0.6384541416963051,64.88
Vivo,X3S 16GB,1,MediaTek MT6592,2000,5.0,2014,Good,11,139.0,0.22761481726361732,106.35
Vivo,Y66 32GB,3,Snapdragon 430,3000,5.5,2017,Excellent,8,179.0,0.28692342018773087,125.52
Vivo,V19 128GB,8,Qualcomm Snapdragon 712,4500,6.44,2020,Good,5,399.0,0.1,356.13
Vivo,V19 256GB,8,Qualcomm Snapdragon 712,4500,6.44,2020,regular,5,429.0,0.1540242941285691,348.93
Vivo,V17 Pro 128GB,8,Qualcomm Snapdragon 675,4100,6.44,2019,Good,6,399.0,0.6401036640360744,139.02
Vivo,V17 Pro 256GB,8,Qualcomm Snapdragon 675,4100,6.44,2019,Good,6,429.0,0.6464500396627082,146.68
Vivo,Y12s 64GB,3,MediaTek Helio P35,5000,6.51,2020,Excellent,5,159.0,0.35636439044624124,101.02
Vivo,Y12s 128GB,4,MediaTek Helio P35,5000,6.51,2020,Good,5,179.0,0.15825596421769683,152.33
Vivo,S1 Pro 128GB,6,MediaTek Helio P65,4500,6.38,2019,regular,6,249.0,0.588072160964505,104.46
Vivo,S1 Pro 256GB,6,MediaTek Helio P65,4500,6.38,2019,Excellent,6,269.0,0.29909936522735797,187.52
Vivo,Y11 32GB,3,Qualcomm Snapdragon 439,5000,6.35,2019,Good,6,149.0,0.16040882770186438,124.16
Vivo,Y11 64GB,3,Qualcomm Snapdragon 439,5000,6.35,2019,regular,6,169.0,0.7,48.57
Vivo,V15 128GB,6,MediaTek Helio P70,4000,6.53,2019,Good,6,299.0,0.6693405726439179,96.58
Vivo,V15 256GB,6,MediaTek Helio P70,4000,6.53,2019,Good,6,319.0,0.3947589565425841,187.89
Vivo,X27 Pro 128GB,8,Qualcomm Snapdragon 710,4000,6.39,2019,Good,6,499.0,0.45672145974863276,264.5
Vivo,X27 Pro 256GB,8,Qualcomm Snapdragon 710,4000,6.39,2019,Good,6,549.0,0.5020957019868882,268.56
Vivo,Y30 128GB,4,MediaTek Helio P35,5000,6.47,2020,Good,5,199.0,0.1,175.15
Vivo,Y30 64GB,3,MediaTek Helio P35,5000,6.47,2020,regular,5,169.0,0.48820565436985075,82.63
Vivo,Z1 Pro 64GB,4,Qualcomm Snapdragon 712,4500,6.53,2019,regular,6,249.0,0.42950393800055037,141.52
Vivo,Z1 Pro 128GB,6,Qualcomm Snapdragon 712,4500,6.53,2019,regular,6,299.0,0.3495949975262711,188.42
Vivo,X21 128GB,6,Qualcomm Snapdragon 660,3200,6.28,2018,regular,7,349.0,0.5797249267785114,145.0
Vivo,X21 64GB,4,Qualcomm Snapdragon 660,3200,6.28,2018,Good,7,299.0,0.7,91.15
Vivo,V23e 128GB,8,MediaTek Helio G96,4050,6.44,2021,Good,4,299.0,0.5102107153167524,142.23
Vivo,V23e 256GB,8,MediaTek Helio G96,4050,6.44,2021,Good,4,349.0,0.20720525255430078,262.03
Vivo,Y33s 128GB,8,MediaTek Helio G80,5000,6.58,2021,Good,4,239.0,0.4931456953390396,118.8
Vivo,Y33s 64GB,4,MediaTek Helio G80,5000,6.58,2021,Good,4,179.0,0.6998388591465006,53.81
Vivo,X60 Pro 256GB,12,Qualcomm Snapdragon 870,4200,6.56,2021,Good,4,899.0,0.5811584207281922,381.95
Vivo,X60 Pro 512GB,12,Qualcomm Snapdragon 870,4200,6.56,2021,regular,4,999.0,0.5149075924800436,468.4
Vivo,V20 Pro 128GB,8,Qualcomm Snapdragon 765G,4000,6.44,2020,Good,5,499.0,0.23826580557360655,377.24
Vivo,V20 Pro 256GB,8,Qualcomm Snapdragon 765G,4000,6.44,2020,Good,5,549.0,0.5745558284033976,228.44
Vivo,Y75 5G 128GB,8,MediaTek Dimensity 700,5000,6.58,2021,Excellent,4,349.0,0.2983713463554374,240.81
Vivo,Y75 5G 256GB,8,MediaTek Dimensity 700,5000,6.58,2021,Good,4,399.0,0.5737983050069331,174.25
Vivo,Y53s 128GB,6,MediaTek Helio G80,5000,6.58,2021,Excellent,4,229.0,0.35879295042049236,141.32
Vivo,Y53s 64GB,6,MediaTek Helio G80,5000,6.58,2021,Good,4,179.0,0.6123881788298338,68.61
Vivo,V15 Pro 128GB,6,Qualcomm Snapdragon 675,3700,6.39,2019,Good,6,399.0,0.3161911971098581,270.66
Vivo,V15 Pro 256GB,6,Qualcomm Snapdragon 675,3700,6.39,2019,Good,6,449.0,0.7,134.87
Vivo,X70 Pro 128GB,8,MediaTek Dimensity 1200,4450,6.56,2021,Good,4,749.0,0.3993999011730999,443.76
Vivo,X70 Pro 256GB,8,MediaTek Dimensity 1200,4450,6.56,2021,Excellent,4,799.0,0.7,237.21
Vivo,T1 5G 128GB,6,Qualcomm Snapdragon 695,5000,6.58,2022,Excellent,3,269.0,0.1,237.05
Vivo,T1 5G 256GB,8,Qualcomm Snapdragon 695,5000,6.58,2022,regular,3,319.0,0.7,94.65
Vivo,X30 Pro 128GB,8,Qualcomm Snapdragon 855,4200,6.44,2019,Good,6,899.0,0.49947769586566204,440.9
Vivo,X30 Pro 256GB,8,Qualcomm Snapdragon 855,4200,6.44,2019,Excellent,6,949.0,0.13714549909638796,814.2
Vivo,V27 128GB,8,MediaTek Dimensity 8200,4600,6.78,2023,Good,2,599.0,0.12902854148641962,510.99
Vivo,V27 256GB,8,MediaTek Dimensity 8200,4600,6.78,2023,Good,2,649.0,0.16991317295142,533.69
Vivo,V27 Pro 128GB,8,MediaTek Dimensity 8200,4600,6.78,2023,Good,2,699.0,0.35604148660047913,443.18
Vivo,V27 Pro 256GB,8,MediaTek Dimensity 8200,4600,6.78,2023,Good,2,749.0,0.38070887200887493,464.73
Vivo,V25 Pro 128GB,8,MediaTek Dimensity 1300,4830,6.56,2022,Excellent,3,599.0,0.1,530.6
Vivo,V25 Pro 256GB,8,MediaTek Dimensity 1300,4830,6.56,2022,Excellent,3,649.0,0.14391135193475435,532.49
Vivo,X90 Pro 256GB,12,MediaTek Dimensity 9200,4870,6.78,2022,Good,3,1099.0,0.7,331.0
Vivo,X90 Pro 512GB,12,MediaTek Dimensity 9200,4870,6.78,2022,Good,3,1199.0,0.7,349.42
Vivo,Y100 128GB,8,MediaTek Dimensity 900,4500,6.44,2023,Good,2,399.0,0.35908091741850806,249.38
Vivo,Y100 256GB,8,MediaTek Dimensity 900,4500,6.44,2023,Good,2,449.0,0.2595008695420501,324.53
Vivo,T2 Series 128GB,8,Qualcomm Snapdragon 695,4500,6.44,2023,regular,2,299.0,0.43000783167956536,171.38
Vivo,T2 Series 256GB,8,Qualcomm Snapdragon 695,4500,6.44,2023,Good,2,349.0,0.4033794931826042,198.43
Vivo,V23 5G 128GB,8,MediaTek Dimensity 920,4200,6.44,2022,Good,3,499.0,0.1,463.5
Vivo,V23 5G 256GB,8,MediaTek Dimensity 920,4200,6.44,2022,Good,3,549.0,0.23565586564416374,419.98
Vivo,X80 256GB,12,MediaTek Dimensity 9000,4700,6.78,2022,Good,3,899.0,0.1,799.67
Vivo,X80 512GB,12,MediaTek Dimensity 9000,4700,6.78,2022,Good,3,999.0,0.39980578065131983,590.11
Vivo,Y21 128GB,4,MediaTek Helio P35,5000,6.51,2021,Excellent,4,199.0,0.36179898492568524,125.64
Vivo,Y21 64GB,4,MediaTek Helio P35,5000,6.51,2021,Excellent,4,179.0,0.1,159.94
Vivo,Pad 128GB,6,Snapdragon 870,8040,11.0,2022,regular,3,329.0,0.7,98.17
Vivo,Pad 2 256GB,8,MediaTek Dimensity 1200,8040,11.0,2023,regular,2,399.0,0.1,356.71
Vivo,Pad Air 128GB,6,Snapdragon 870,8040,10.4,2023,Good,2,279.0,0.1,247.67
Vivo,Pad 3 128GB,6,Snapdragon 750G,8040,11.0,2023,Good,2,349.0,0.30611295463999305,237.82
Vivo,Pad 3 Pro 256GB,8,Snapdragon 888,8040,12.3,2023,Excellent,2,449.0,0.3617745756530386,281.61
Vivo,Pad 4 Pro 256GB,8,MediaTek Dimensity 9000,8040,12.9,2024,Excellent,1,499.0,0.4709819228644672,259.25
iQOO,Pad 128GB,6,Snapdragon 870,8040,11.0,2023,Good,2,349.0,0.13527893428276505,302.39
iQOO,Pad 2 256GB,8,Snapdragon 888,8040,12.3,2024,Good,1,399.0,0.4696702083578239,210.31
iQOO,Pad 2 Pro 256GB,8,Snapdragon 8 Gen 1,8040,12.3,2024,Good,1,449.0,0.1903728826248232,342.04
Oppo,Find N3 512GB,12,Snapdragon 8 Gen 2,4805,7.82,2023,Good,2,1399.0,0.20684317501479513,1103.9
Oppo,Find N3 Flip 256GB,12,MediaTek Dimensity 9200,4300,6.8,2023,Good,2,999.0,0.4709149843716681,522.17
Oppo,Find X8 Pro 256GB,12,Snapdragon 8 Gen 2,5000,6.8,2024,regular,1,1299.0,0.5130807196033549,622.84
Oppo,Find X8 256GB,8,Snapdragon 8 Gen 2,4800,6.7,2024,Good,1,1099.0,0.1,968.5
Oppo,Reno13 F 4G 256GB,8,MediaTek Helio G100,5800,6.67,2025,Good,1,499.0,0.5691350874314739,215.4
Oppo,Reno13 F 256GB,8,MediaTek Helio G100,5800,6.67,2025,Good,1,499.0,0.5450228385368628,226.85
Oppo,Reno13 Pro 512GB,12,MediaTek Dimensity 8350,5800,6.83,2025,Good,1,799.0,0.1,699.98
Oppo,Reno13 256GB,12,MediaTek Dimensity 8350,5600,6.59,2025,Good,1,699.0,0.29895088335935227,485.67
Oppo,Reno12 F 4G 256GB,8,Snapdragon 685,5000,6.7,2024,Good,1,449.0,0.3235075465706847,294.76
Oppo,Reno12 F 256GB,8,Snapdragon 685,5000,6.7,2024,Good,1,449.0,0.26516844145597673,318.16
Oppo,Reno12 Pro 512GB,12,MediaTek Dimensity 8200,4600,6.74,2024,Excellent,1,749.0,0.1,657.65
Oppo,Reno12 256GB,8,MediaTek Dimensity 7050,5000,6.7,2024,Excellent,1,599.0,0.1,537.99
Oppo,Reno11 F 256GB,8,MediaTek Dimensity 7050,5000,6.7,2024,Excellent,1,499.0,0.1,448.78
Oppo,Reno11 Pro 512GB,12,MediaTek Dimensity 8200,4600,6.74,2024,Excellent,1,699.0,0.3431822548148412,455.76
Oppo,A5 Pro 256GB,8,Dimensity 7300,6000,6.7,2024,regular,1,599.0,0.4859000386486081,306.68
Oppo,A5 Pro 512GB,12,Dimensity 7300,6000,6.7,2024,Good,1,699.0,0.1073464169784735,619.44
Oppo,A80 256GB,8,Dimensity 6300,5100,6.67,2024,Good,1,499.0,0.39292467766208616,295.47
Oppo,A3 4G 128GB,4,Snapdragon 6s 4G Gen 1,5000,6.7,2024,Excellent,1,399.0,0.1,356.04
Oppo,A3x 4G 128GB,4,Snapdragon 6s 4G Gen 1,5100,6.67,2024,Good,1,449.0,0.4871914250930258,229.56
Oppo,A3x 4G 256GB,6,Snapdragon 6s 4G Gen 1,5100,6.67,2024,Good,1,499.0,0.1,447.44
Oppo,A3 128GB,4,Snapdragon 6s 4G Gen 1,5000,6.7,2024,Excellent,1,399.0,0.1,360.12
Oppo,A3x 128GB,4,Snapdragon 6s 4G Gen 1,5100,6.67,2024,Good,1,449.0,0.1,402.33
Oppo,A3x 256GB,6,Snapdragon 6s 4G Gen 1,5100,6.67,2024,Good,1,499.0,0.1,444.73
Oppo,A3 128GB,4,Snapdragon 6s 4G Gen 1,5000,6.7,2024,Good,1,399.0,0.4902066968446298,203.62
Oppo,A60 128GB,8,Snapdragon 680 4G,5000,6.67,2024,Good,1,449.0,0.1,397.88
Oppo,A60 256GB,8,Snapdragon 680 4G,5000,6.67,2024,Excellent,1,499.0,0.13662597043267896,418.66
Oppo,K12 Plus 256GB,8,Snapdragon 7 Gen 3,6400,6.7,2024,Good,1,699.0,0.18826985528020396,557.5
Oppo,K12 Plus 512GB,12,Snapdragon 7 Gen 3,6400,6.7,2024,Good,1,799.0,0.3192602068057804,529.68
Oppo,F27 128GB,8,Dimensity 7050,5000,6.7,2024,Good,1,499.0,0.21920547276506383,379.83
Oppo,F27 256GB,8,Dimensity 7050,5000,6.7,2024,regular,1,549.0,0.1,485.62
Oppo,F27 Pro+ 256GB,8,Dimensity 7050,5000,6.7,2024,Good,1,599.0,0.449066704861785,321.14
Oppo,F27 Pro+ 512GB,12,Dimensity 7050,5000,6.7,2024,Excellent,1,699.0,0.1,616.76
Oppo,F25 Pro 128GB,8,Snapdragon 778G,4500,6.55,2023,Excellent,2,549.0,0.1,472.65
Oppo,F25 Pro 256GB,8,Snapdragon 778G,4500,6.55,2023,Good,2,599.0,0.1429712097585219,507.3
Oppo,Pad 3 128GB,8,Dimensity 8350,9510,11.6,2024,Excellent,1,699.0,0.42518994765857776,395.77
Oppo,Pad 3 256GB,12,Dimensity 8350,9510,11.6,2024,Good,1,799.0,0.4125554355283732,456.57
Oppo,Pad 3 Pro 256GB,12,Snapdragon 8 Gen 3,9510,12.1,2024,regular,1,899.0,0.2628369663980352,659.32
Oppo,Pad 3 Pro 512GB,16,Snapdragon 8 Gen 3,9510,12.1,2024,Good,1,999.0,0.1126855739203928,885.6
Oppo,Pad Neo 128GB,6,Snapdragon 870,8360,11.0,2023,Good,2,499.0,0.1695912371956544,398.17
Oppo,Pad Neo 256GB,8,Snapdragon 870,8360,11.0,2023,Good,2,599.0,0.7,174.95
Oppo,Find X7 Ultra 256GB,12,Snapdragon 8 Gen 3,5000,6.82,2024,Good,1,1199.0,0.2954838630578883,822.3
Oppo,Find X7 Ultra 512GB,16,Snapdragon 8 Gen 3,5000,6.82,2024,Good,1,1299.0,0.3075104117977674,873.37
Oppo,Find X7 256GB,12,Dimensity 9300,5000,6.78,2024,regular,1,1099.0,0.6075708635079605,430.18
Oppo,Find X7 512GB,16,Dimensity 9300,5000,6.78,2024,Good,1,1199.0,0.25969728975662837,871.73
Oppo,Find X6 Pro 256GB,12,Snapdragon 8 Gen 2,5000,6.82,2023,regular,2,999.0,0.33523946354482426,651.5
Oppo,Find X6 Pro 512GB,16,Snapdragon 8 Gen 2,5000,6.82,2023,regular,2,1099.0,0.35091253772875547,681.21
Oppo,Find X6 256GB,12,Dimensity 9200,4800,6.74,2023,Excellent,2,899.0,0.1,804.68
Oppo,Find X6 512GB,16,Dimensity 9200,4800,6.74,2023,Excellent,2,999.0,0.1,868.9
Oppo,Find X5 Pro 256GB,12,Snapdragon 8 Gen 1,5000,6.7,2022,Excellent,3,899.0,0.331907385909245,592.15
Oppo,Find X5 Pro 512GB,16,Snapdragon 8 Gen 1,5000,6.7,2022,Excellent,3,999.0,0.1629864714518249,827.11
Oppo,Find X5 256GB,8,Snapdragon 888,4800,6.55,2022,Excellent,3,799.0,0.3331600193038948,535.69
Oppo,Find N2 Flip 256GB,8,Dimensity 9000+,4300,6.8,2023,Good,2,899.0,0.22982085497285445,668.41
Oppo,Find N2 Flip 512GB,12,Dimensity 9000+,4300,6.8,2023,Excellent,2,999.0,0.11965879757902265,826.44
Oppo,Find N2 256GB,12,Snapdragon 8+ Gen 1,4520,7.1,2022,Good,3,1099.0,0.1,976.99
Oppo,Reno10 5G 128GB,8,Dimensity 7050,5000,6.7,2023,regular,2,499.0,0.6290819186756205,187.31
Oppo,Reno10 5G 256GB,8,Dimensity 7050,5000,6.7,2023,Excellent,2,549.0,0.18662211897449818,448.14
Oppo,Reno10 Pro 5G 256GB,12,Snapdragon 778G,4600,6.7,2023,regular,2,599.0,0.6495025274649131,207.46
Oppo,Reno10 Pro+ 5G 256GB,16,Snapdragon 8+ Gen 1,4700,6.74,2023,Good,2,699.0,0.1,615.02
Oppo,Reno9 5G 128GB,8,Snapdragon 778G,4500,6.7,2022,Excellent,3,449.0,0.6720936761951819,146.8
Oppo,Reno9 5G 256GB,12,Snapdragon 778G,4500,6.7,2022,Good,3,499.0,0.2651025929612066,355.86
Oppo,Reno9 Pro 5G 256GB,16,Dimensity 8100,4500,6.7,2022,Good,3,599.0,0.5770457041843792,251.36
Oppo,Reno9 Pro+ 5G 256GB,16,Snapdragon 8+ Gen 1,4700,6.7,2022,regular,3,649.0,0.1900235182186174,521.78
Oppo,Reno8 5G 128GB,8,Dimensity 1300,4500,6.4,2022,Good,3,399.0,0.45319347626564244,218.37
Oppo,Reno8 5G 256GB,12,Dimensity 1300,4500,6.4,2022,regular,3,449.0,0.18664610920658609,374.84
Oppo,Reno8 Pro 5G 256GB,12,Dimensity 8100,4500,6.7,2022,Good,3,549.0,0.14405775982604874,465.63
Oppo,Reno8 Pro+ 5G 256GB,12,Dimensity 8100,4500,6.7,2022,Excellent,3,599.0,0.6285078384666966,217.49
Oppo,Reno7 5G 128GB,8,Dimensity 900,4500,6.4,2021,Good,4,349.0,0.30232939980916335,239.74
Oppo,Reno7 5G 256GB,12,Dimensity 900,4500,6.4,2021,regular,4,399.0,0.5543582182949307,170.43
Oppo,Reno7 Pro 5G 256GB,12,Dimensity 1200,4500,6.55,2021,regular,4,499.0,0.7,145.89
Oppo,Reno6 5G 128GB,8,Dimensity 900,4300,6.43,2021,Good,4,349.0,0.4739204719931512,179.72
Oppo,Reno6 5G 256GB,12,Dimensity 900,4300,6.43,2021,Good,4,399.0,0.3876047262858941,238.76
Oppo,Reno6 Pro 5G 128GB,8,Dimensity 1200,4500,6.55,2021,Good,4,449.0,0.44124025061655636,247.69
Oppo,Reno6 Pro 5G 256GB,12,Dimensity 1200,4500,6.55,2021,Good,4,499.0,0.7,145.61
Oppo,Reno6 Pro+ 5G 256GB,12,Snapdragon 870,4500,6.55,2021,regular,4,599.0,0.4855953007416037,308.69
Oppo,Reno5 5G 128GB,8,Snapdragon 765G,4300,6.43,2020,regular,5,299.0,0.6002747616787418,117.73
Oppo,Reno5 5G 256GB,12,Snapdragon 765G,4300,6.43,2020,Good,5,349.0,0.6626635990019031,115.95
Oppo,Reno5 Pro 5G 128GB,8,Dimensity 1000+,4350,6.55,2020,Good,5,399.0,0.676381483239496,126.55
Oppo,Reno5 Pro 5G 256GB,12,Dimensity 1000+,4350,6.55,2020,Good,5,449.0,0.6967575763900951,134.43
Oppo,Reno5 Pro+ 5G 256GB,12,Snapdragon 865,4500,6.55,2020,Excellent,5,599.0,0.40968255550729615,352.67
Oppo,Reno4 5G 128GB,8,Snapdragon 765G,4000,6.43,2020,regular,5,299.0,0.26424877181737905,213.83
Oppo,Reno4 5G 256GB,8,Snapdragon 765G,4000,6.43,2020,Good,5,349.0,0.7,102.1
Oppo,Reno4 Pro 5G 256GB,12,Snapdragon 765G,4000,6.55,2020,regular,5,499.0,0.26341365174532794,360.37
Oppo,Reno3 5G 128GB,8,Dimensity 1000L,4025,6.4,2019,Good,6,249.0,0.5256588663097584,113.95
Oppo,Reno3 5G 256GB,12,Dimensity 1000L,4025,6.4,2019,regular,6,299.0,0.4114310374951605,171.18
Oppo,Reno3 Pro 5G 256GB,12,Snapdragon 765G,4025,6.5,2019,Good,6,499.0,0.433965413351752,276.2
Oppo,A59 5G 128GB,6,MediaTek Dimensity 6020,5000,6.56,2023,Excellent,2,199.0,0.1821906025758701,162.44
Oppo,A59 5G 256GB,8,MediaTek Dimensity 6020,5000,6.56,2023,regular,2,229.0,0.4803393038625683,117.69
Oppo,A58 5G 256GB,8,MediaTek Dimensity 700,5000,6.56,2022,Excellent,3,249.0,0.25548018855882126,183.14
Oppo,A57 5G 128GB,6,MediaTek Dimensity 810,5000,6.56,2022,Good,3,219.0,0.7,65.55
Oppo,A56 5G 128GB,6,MediaTek Dimensity 700,5000,6.5,2021,regular,4,199.0,0.613383575378495,75.62
Oppo,A55 5G 128GB,6,MediaTek Dimensity 700,5000,6.5,2021,regular,4,189.0,0.43896084117733786,105.07
Oppo,A54 5G 128GB,6,Qualcomm Snapdragon 480,5000,6.5,2021,Good,4,219.0,0.5910217920720893,88.08
Oppo,A53 5G 128GB,4,MediaTek Dimensity 720,4040,6.5,2020,Good,5,179.0,0.6973676222311602,53.57
Oppo,A52 5G 128GB,4,MediaTek Dimensity 720,4000,6.5,2020,Good,5,169.0,0.1,148.49
Oppo,A51 5G 128GB,4,MediaTek Dimensity 700,4000,6.5,2020,Good,5,149.0,0.5493500174624646,63.68
Oppo,A50 5G 128GB,4,MediaTek Dimensity 700,4000,6.5,2020,Good,5,139.0,0.5752931855777246,58.03
Oppo,A49 5G 128GB,4,MediaTek Dimensity 700,4000,6.5,2020,Good,5,129.0,0.3256091241600021,87.55
Oppo,A40 128GB,4,Qualcomm Snapdragon 6s Gen 1,5100,6.67,2024,Good,1,199.0,0.5439267033279048,90.66
Oppo,A40 256GB,6,Qualcomm Snapdragon 6s Gen 1,5100,6.67,2024,Good,1,229.0,0.1624861032418683,191.69
Oppo,K11x 128GB,8,Qualcomm Snapdragon 695,5000,6.72,2023,Good,2,199.0,0.28139411336788556,143.51
Oppo,K11x 256GB,12,Qualcomm Snapdragon 695,5000,6.72,2023,Excellent,2,229.0,0.1,203.28
Oppo,K10x 128GB,6,Qualcomm Snapdragon 695,5000,6.59,2022,Good,3,199.0,0.3038947618953669,136.86
Oppo,K10x 256GB,8,Qualcomm Snapdragon 695,5000,6.59,2022,Excellent,3,229.0,0.1,201.1
Oppo,K10 5G 128GB,8,MediaTek Dimensity 8000-Max,5000,6.59,2022,Good,3,249.0,0.1,219.68
Oppo,K9x 128GB,6,MediaTek Dimensity 810,5000,6.5,2021,Good,4,199.0,0.7,59.36
Oppo,K9x 256GB,8,MediaTek Dimensity 810,5000,6.5,2021,regular,4,229.0,0.28825966292041805,163.49
Oppo,K9 Pro 5G 128GB,8,MediaTek Dimensity 1200,4500,6.43,2021,Good,4,299.0,0.10215191263592321,263.87
Oppo,K9 Pro 5G 256GB,12,MediaTek Dimensity 1200,4500,6.43,2021,Excellent,4,329.0,0.1,289.66
Oppo,K9 5G 128GB,8,Qualcomm Snapdragon 768G,4300,6.43,2021,Excellent,4,279.0,0.1,247.34
Oppo,K9 5G 256GB,8,Qualcomm Snapdragon 768G,4300,6.43,2021,Good,4,299.0,0.1,267.49
Oppo,K7x 128GB,6,MediaTek Dimensity 720,5000,6.5,2020,Good,5,199.0,0.7,57.51
Oppo,K7 5G 128GB,8,Qualcomm Snapdragon 765G,4025,6.4,2020,Excellent,5,279.0,0.5024542723356585,131.95
Oppo,K7 5G 256GB,8,Qualcomm Snapdragon 765G,4025,6.4,2020,Excellent,5,299.0,0.1,262.84
Oppo,K11x 128GB,8,Qualcomm Snapdragon 695,5000,6.72,2023,Good,2,199.0,0.7,57.71
Oppo,K11x 256GB,12,Qualcomm Snapdragon 695,5000,6.72,2023,Excellent,2,229.0,0.3454413717478986,146.5
Oppo,K11 128GB,8,Qualcomm Snapdragon 782G,5000,6.7,2023,regular,2,259.0,0.31879215412284445,173.4
Oppo,K11 256GB,12,Qualcomm Snapdragon 782G,5000,6.7,2023,Good,2,299.0,0.1,263.23
Oppo,K10x 128GB,6,Qualcomm Snapdragon 695,5000,6.59,2022,Excellent,3,199.0,0.7,60.11
Oppo,K10x 256GB,8,Qualcomm Snapdragon 695,5000,6.59,2022,Excellent,3,229.0,0.1,204.02
Oppo,K10 5G 128GB,8,MediaTek Dimensity 8000-Max,5000,6.59,2022,regular,3,249.0,0.1,221.75
Oppo,K10 5G 256GB,12,MediaTek Dimensity 8000-Max,5000,6.59,2022,Good,3,279.0,0.55564260800241,123.27
Oppo,K9x 128GB,6,MediaTek Dimensity 810,5000,6.5,2021,Good,4,199.0,0.7,57.78
Oppo,K9x 256GB,8,MediaTek Dimensity 810,5000,6.5,2021,regular,4,229.0,0.7,68.74
Oppo,K9 Pro 5G 128GB,8,MediaTek Dimensity 1200,4500,6.43,2021,regular,4,299.0,0.64097728001309,105.62
Oppo,K9 Pro 5G 256GB,12,MediaTek Dimensity 1200,4500,6.43,2021,regular,4,329.0,0.6486885854163216,115.01
Oppo,K9 5G 128GB,8,Qualcomm Snapdragon 768G,4300,6.43,2021,Good,4,279.0,0.5633538896950769,118.04
Oppo,K9 5G 256GB,8,Qualcomm Snapdragon 768G,4300,6.43,2021,Good,4,299.0,0.5397321474466913,132.35
Oppo,K7x 128GB,6,MediaTek Dimensity 720,5000,6.5,2020,Excellent,5,199.0,0.32029785599234395,134.89
Oppo,K7 5G 128GB,8,Qualcomm Snapdragon 765G,4025,6.4,2020,Good,5,279.0,0.4260502759879691,158.63
Realme,GT 7 Pro 128GB,12,Qualcomm Snapdragon 8 Elite,6500,6.78,2024,Good,1,470.0,0.18435171802511938,372.42
Realme,GT 7 Pro 256GB,16,Qualcomm Snapdragon 8 Elite,6500,6.78,2024,Good,1,500.0,0.1,437.38
Realme,GT 6 128GB,8,Qualcomm Snapdragon 8s Gen 3,5500,6.78,2023,regular,2,380.0,0.32983123078330656,255.14
Realme,GT 6 256GB,12,Qualcomm Snapdragon 8s Gen 3,5500,6.78,2023,Excellent,2,400.0,0.1,348.18
Realme,GT 6 512GB,16,Qualcomm Snapdragon 8s Gen 3,5500,6.78,2023,Good,2,420.0,0.22541509330131254,328.46
Realme,GT 6T 128GB,8,Qualcomm Snapdragon 7 Plus Gen 3,5500,6.78,2023,Excellent,2,360.0,0.1,314.76
Realme,GT 6T 256GB,8,Qualcomm Snapdragon 7 Plus Gen 3,5500,6.78,2023,Good,2,380.0,0.1,340.14
Realme,14 Pro+ 5G 256GB,12,Qualcomm Snapdragon 7s Gen 3,6000,6.83,2025,Excellent,1,340.0,0.1,299.9
Realme,14 Pro+ 5G 512GB,12,Qualcomm Snapdragon 7s Gen 3,6000,6.83,2025,Excellent,1,360.0,0.3980005715861499,215.43
Realme,14 Pro 5G 128GB,8,MediaTek Dimensity 7300 Energy,5800,6.7,2025,Excellent,1,320.0,0.27957915150057827,225.2
Realme,14 Pro 5G 256GB,8,MediaTek Dimensity 7300 Energy,5800,6.7,2025,Good,1,340.0,0.1,300.66
Realme,14x 5G 128GB,6,Qualcomm Snapdragon 7s Gen 2,5500,6.6,2025,Good,1,270.0,0.1,239.5
Realme,14x 5G 256GB,8,Qualcomm Snapdragon 7s Gen 2,5500,6.6,2025,Good,1,290.0,0.43519279699705393,158.87
Realme,13+ 5G 128GB,8,MediaTek Dimensity 7200,5000,6.5,2024,regular,1,250.0,0.10437815161542263,223.03
Realme,13+ 5G 256GB,8,MediaTek Dimensity 7200,5000,6.5,2024,Good,1,270.0,0.14384171250074385,225.92
Realme,13 5G 128GB,6,MediaTek Dimensity 6100+,5000,6.6,2024,Good,1,220.0,0.337513024756138,143.06
Realme,13 5G 256GB,8,MediaTek Dimensity 6100+,5000,6.6,2024,regular,1,240.0,0.10791388628409115,207.7
Realme,13 Pro 5G 128GB,8,Qualcomm Snapdragon 7s Gen 2,5200,6.7,2024,Good,1,300.0,0.22634387653648996,219.69
Realme,13 Pro 5G 256GB,12,Qualcomm Snapdragon 7s Gen 2,5200,6.7,2024,regular,1,320.0,0.1,282.85
Realme,13 Pro+ 5G 256GB,12,Qualcomm Snapdragon 7+ Gen 2,5500,6.78,2024,Excellent,1,360.0,0.1,330.87
Realme,13 Pro+ 5G 512GB,16,Qualcomm Snapdragon 7+ Gen 2,5500,6.78,2024,regular,1,380.0,0.4299454835356342,215.92
Realme,P1 Speed 5G 128GB,8,MediaTek Dimensity 8100,5100,6.7,2024,Excellent,1,250.0,0.1,221.56
Realme,P1 Speed 5G 256GB,12,MediaTek Dimensity 8100,5100,6.7,2024,regular,1,270.0,0.46011868449009974,143.01
Realme,P2 Pro 5G 256GB,12,Qualcomm Snapdragon 7+ Gen 3,5500,6.78,2024,Good,1,340.0,0.19509055026832967,269.66
Realme,P2 Pro 5G 512GB,16,Qualcomm Snapdragon 7+ Gen 3,5500,6.78,2024,regular,1,360.0,0.488122488604287,183.02
Realme,P1 5G 128GB,6,MediaTek Dimensity 6100+,5000,6.6,2024,Excellent,1,200.0,0.10597853351616537,172.96
Realme,P1 5G 256GB,8,MediaTek Dimensity 6100+,5000,6.6,2024,Good,1,220.0,0.5410351074934611,101.15
Realme,P1 Pro 5G 128GB,8,Qualcomm Snapdragon 7s Gen 1,5200,6.7,2024,regular,1,270.0,0.38130612566197686,166.33
Realme,P1 Pro 5G 256GB,12,Qualcomm Snapdragon 7s Gen 1,5200,6.7,2024,Good,1,290.0,0.1,259.9
Realme,Narzo 70 Turbo 5G 128GB,8,MediaTek Dimensity 810,5000,6.6,2024,Good,1,240.0,0.23057437575807094,183.11
Realme,Narzo 70 Turbo 5G 256GB,8,MediaTek Dimensity 810,5000,6.6,2024,Good,1,260.0,0.33582450725909696,170.15
Realme,Narzo N61 128GB,6,MediaTek Helio G99,5000,6.5,2024,Good,1,180.0,0.21221501758142608,141.11
Realme,Narzo N63 128GB,6,MediaTek Helio G88,5000,6.5,2024,Good,1,160.0,0.21014792280097058,125.6
Realme,Narzo N65 5G 128GB,8,MediaTek Dimensity 700,5000,6.6,2024,Good,1,210.0,0.1,185.16
Realme,Narzo 70 5G 128GB,8,MediaTek Dimensity 810,5200,6.6,2024,regular,1,230.0,0.18427477061226294,183.19
Realme,C75 128GB,6,MediaTek Helio G85,5000,6.6,2024,Excellent,1,160.0,0.1,142.06
Realme,C75 256GB,8,MediaTek Helio G85,5000,6.6,2024,Good,1,180.0,0.6373941857967348,65.81
Realme,C61 128GB,4,Unisoc T612,5000,6.5,2024,regular,1,130.0,0.1,113.07
Realme,C67 128GB,6,MediaTek Helio G88,5000,6.6,2024,regular,1,170.0,0.17677370055102315,134.77
Realme,C67 256GB,8,MediaTek Helio G88,5000,6.6,2024,Good,1,190.0,0.1,168.86
Realme,C65 128GB,6,Qualcomm Snapdragon 680,5000,6.6,2024,Good,1,160.0,0.42373109423611033,90.89
Realme,C65 256GB,8,Qualcomm Snapdragon 680,5000,6.6,2024,Good,1,180.0,0.12626258042699304,155.32
Realme,C63 128GB,6,MediaTek Helio G85,5000,6.6,2024,Excellent,1,150.0,0.3619355181684335,94.62
Realme,C55 128GB,6,MediaTek Helio G88,5000,6.72,2023,Good,2,170.0,0.1,150.19
Realme,C55 256GB,8,MediaTek Helio G88,5000,6.72,2023,Good,2,190.0,0.31974854055595053,130.2
Realme,Note 60x 128GB,6,MediaTek Dimensity 6100+,5200,6.6,2024,Good,1,210.0,0.1,181.63
Realme,Note 60 128GB,6,MediaTek Dimensity 810,5200,6.6,2024,Excellent,1,220.0,0.5862872819433471,88.52
Realme,Note 60 256GB,8,MediaTek Dimensity 810,5200,6.6,2024,regular,1,240.0,0.1,212.43
Realme,Note 50 128GB,6,MediaTek Helio G99,5000,6.5,2024,regular,1,170.0,0.4274551775567569,93.47
Realme,GT 7 128GB,8,Qualcomm Snapdragon 8 Gen 2,5200,6.8,2024,Good,1,440.0,0.3584442202330246,277.31
Realme,GT 7 256GB,12,Qualcomm Snapdragon 8 Gen 2,5200,6.8,2024,Good,1,500.0,0.30344977436287457,351.73
Realme,Neo 7 128GB,8,MediaTek Dimensity 8200,5000,6.7,2024,Good,1,330.0,0.15367808528057292,275.18
Realme,Neo 7 256GB,12,MediaTek Dimensity 8200,5000,6.7,2024,regular,1,380.0,0.3175448250666435,256.34
Realme,P2 Pro 5G 128GB,8,MediaTek Dimensity 9200,5100,6.7,2024,Good,1,350.0,0.2109528679947774,266.8
Realme,P2 Pro 5G 256GB,12,MediaTek Dimensity 9200,5100,6.7,2024,Excellent,1,400.0,0.1,351.27
Realme,Pad 64GB,4,MediaTek Helio G80,7100,10.4,2021,regular,4,200.0,0.7,58.76
Realme,Pad 128GB,6,MediaTek Helio G80,7100,10.4,2021,regular,4,230.0,0.7,67.64
Realme,Pad 2 128GB,6,MediaTek Helio G99,8360,11.5,2023,regular,2,280.0,0.2606270537480416,207.9
Realme,Pad 2 256GB,8,MediaTek Helio G99,8360,11.5,2023,Good,2,320.0,0.1,286.09
Realme,Pad 2 Lite 64GB,4,MediaTek Helio G85,7100,10.4,2023,Good,2,190.0,0.2279294879121863,142.05
Realme,Pad 2 Lite 128GB,6,MediaTek Helio G85,7100,10.4,2023,Good,2,210.0,0.7,62.29
Realme,Pad X 64GB,4,Qualcomm Snapdragon 695,8340,11.0,2022,regular,3,310.0,0.24908135800756737,231.03
Realme,Pad X 128GB,6,Qualcomm Snapdragon 695,8340,11.0,2022,regular,3,350.0,0.7,105.22
Realme,Pad Mini 32GB,3,Unisoc T616,6400,8.7,2022,Excellent,3,160.0,0.5694252035191102,69.49
Realme,Pad Mini 64GB,4,Unisoc T616,6400,8.7,2022,Excellent,3,180.0,0.1,157.1
Realme,Pad Slim 64GB,4,MediaTek Helio G80,7100,10.4,2022,Good,3,200.0,0.44224576979631885,108.52
Realme,Pad Slim 128GB,6,MediaTek Helio G80,7100,10.4,2022,regular,3,220.0,0.7,63.76
Realme,TechLife Pad Neo 64GB,4,MediaTek Helio G85,7200,10.5,2024,regular,1,210.0,0.25521806475312825,153.51
Realme,TechLife Pad Neo 128GB,6,MediaTek Helio G85,7200,10.5,2024,Excellent,1,230.0,0.1,205.34
Xiaomi,Xiaomi 15 Pro 256GB,12,Snapdragon 8 Elite,6100,6.73,2024,Good,1,799.0,0.1,718.96
Xiaomi,Xiaomi 15 Pro 512GB,16,Snapdragon 8 Elite,6100,6.73,2024,Good,1,899.0,0.1,796.04
Xiaomi,Xiaomi 15 Pro 1TB,16,Snapdragon 8 Elite,6100,6.73,2024,regular,1,999.0,0.1876806137334982,795.44
Xiaomi,Xiaomi 15 256GB,12,Snapdragon 8 Elite,5400,6.36,2024,regular,1,699.0,0.1,621.1
Xiaomi,Xiaomi 15 512GB,16,Snapdragon 8 Elite,5400,6.36,2024,regular,1,799.0,0.3585208670648065,498.43
Xiaomi,Xiaomi 14T Pro 256GB,12,Dimensity 9300+,5000,6.67,2024,Good,1,634.99,0.1,580.83
Xiaomi,Xiaomi 14T Pro 512GB,12,Dimensity 9300+,5000,6.67,2024,Good,1,790.77,0.25844647794768694,563.46
Xiaomi,Xiaomi 14T Pro 1TB,12,Dimensity 9300+,5000,6.67,2024,Good,1,899.0,0.1,799.21
Xiaomi,Xiaomi 14T 256GB,12,Dimensity 8300-Ultra,5000,6.67,2024,Excellent,1,599.0,0.13272005805361428,527.48
Xiaomi,Xiaomi 14T 512GB,12,Dimensity 8300-Ultra,5000,6.67,2024,regular,1,699.0,0.5583822404022312,304.09
Xiaomi,Xiaomi 14 Pro 256GB,12,Snapdragon 8 Gen 3,5000,6.73,2023,regular,2,799.0,0.1,706.26
Xiaomi,Xiaomi 14 Pro 512GB,12,Snapdragon 8 Gen 3,5000,6.73,2023,regular,2,899.0,0.49351414246189307,446.06
Xiaomi,Xiaomi 14 256GB,12,Snapdragon 8 Gen 3,4610,6.36,2023,regular,2,699.0,0.7,205.99
Xiaomi,Xiaomi 14 512GB,12,Snapdragon 8 Gen 3,4610,6.36,2023,Good,2,799.0,0.1,723.12
Xiaomi,Redmi Note 14 Pro+ 5G 128GB,8,Snapdragon 7s Gen 3,5110,6.67,2024,Good,1,374.9,0.6181430967094258,136.26
Xiaomi,Redmi Note 14 Pro+ 5G 256GB,12,Snapdragon 7s Gen 3,5110,6.67,2024,regular,1,399.0,0.4547547523415113,219.29
Xiaomi,Redmi Note 14 Pro+ 5G 512GB,16,Snapdragon 7s Gen 3,5110,6.67,2024,regular,1,429.0,0.17374703606039776,341.57
Xiaomi,Redmi Note 14 Pro 5G 128GB,8,MediaTek Dimensity 7300-Ultra,5500,6.67,2024,Good,1,349.0,0.18605773058557348,278.67
Xiaomi,Redmi Note 14 Pro 5G 256GB,12,MediaTek Dimensity 7300-Ultra,5500,6.67,2024,Good,1,379.0,0.3395817281304306,244.93
Xiaomi,Redmi Note 14 Pro 4G 128GB,6,Qualcomm Snapdragon 732G,5000,6.67,2024,Excellent,1,299.0,0.1,267.44
Xiaomi,Redmi Note 14 Pro 4G 256GB,8,Qualcomm Snapdragon 732G,5000,6.67,2024,regular,1,329.0,0.4846889981115923,162.93
Xiaomi,Redmi Note 14 5G 128GB,6,MediaTek Dimensity 7025-Ultra,5000,6.67,2024,Good,1,279.0,0.1,249.07
Xiaomi,Redmi Note 14 5G 256GB,8,MediaTek Dimensity 7025-Ultra,5000,6.67,2024,Good,1,309.0,0.24234020600901948,237.71
Xiaomi,Redmi Note 14 4G 128GB,4,Qualcomm Snapdragon 680,5000,6.67,2024,Good,1,249.0,0.1,216.16
Xiaomi,Redmi Note 14 4G 256GB,6,Qualcomm Snapdragon 680,5000,6.67,2024,Good,1,279.0,0.1721934846628249,228.15
Xiaomi,Redmi 14C 5G 64GB,4,MediaTek Dimensity 700,5000,6.5,2024,Good,1,199.0,0.1,174.64
Xiaomi,Redmi 14C 5G 128GB,6,MediaTek Dimensity 700,5000,6.5,2024,Excellent,1,229.0,0.1,204.33
Lenovo,Legion Y70 128GB,8,Snapdragon 8+ Gen 1,5100,6.67,2022,Good,3,499.0,0.6090232938026093,192.23
Lenovo,Legion Y70 256GB,12,Snapdragon 8+ Gen 1,5100,6.67,2022,Good,3,549.0,0.5728275301485672,228.74
Lenovo,Legion Y70 512GB,16,Snapdragon 8+ Gen 1,5100,6.67,2022,Good,3,599.0,0.45228453022679427,325.56
Lenovo,K14 Plus 64GB,4,Unisoc T700,5000,6.5,2022,Good,3,199.0,0.1,181.26
Lenovo,K14 Plus 128GB,6,Unisoc T700,5000,6.5,2022,regular,3,229.0,0.3708978875762996,141.49
Lenovo,K13 Pro 128GB,6,Snapdragon 662,5000,6.8,2021,Good,4,249.0,0.6532744249947958,85.97
Lenovo,K13 32GB,2,Unisoc SC9863A,5000,6.52,2021,Good,4,149.0,0.3854292284099762,88.42
Lenovo,K13 Note 64GB,4,Snapdragon 460,5000,6.5,2021,regular,4,199.0,0.7,57.95
Lenovo,K10 Plus 64GB,4,Snapdragon 632,4050,6.22,2019,Good,6,179.0,0.548329459848593,80.21
Lenovo,A6 Note 32GB,3,Helio P22,4000,6.09,2019,Excellent,6,149.0,0.348012279122508,97.85
Lenovo,K10 Note 64GB,4,Snapdragon 710,4050,6.3,2019,Excellent,6,219.0,0.22272088394937473,168.58
Lenovo,K10 Note 128GB,6,Snapdragon 710,4050,6.3,2019,Good,6,249.0,0.48338522619557067,126.1
Lenovo,Z6 Pro 128GB,6,Snapdragon 855,4000,6.39,2019,Good,6,429.0,0.4118825409048641,248.52
Lenovo,Z6 Pro 256GB,8,Snapdragon 855,4000,6.39,2019,Good,6,479.0,0.6270271691721477,172.62
Lenovo,Z5 Pro 64GB,6,Snapdragon 710,3350,6.39,2018,Good,7,299.0,0.7,89.17
Motorola,Edge 50 Fusion 128GB,8,Snapdragon 7 Gen 1,5000,6.7,2024,Excellent,1,499.0,0.1,448.31
Motorola,Edge 50 Fusion 256GB,12,Snapdragon 7 Gen 1,5000,6.7,2024,Excellent,1,549.0,0.1,483.34
Motorola,Edge 50 Pro 128GB,8,Snapdragon 7 Gen 3,4500,6.7,2024,Good,1,549.0,0.1,483.2
Motorola,Edge 50 Pro 256GB,12,Snapdragon 7 Gen 3,4500,6.7,2024,Good,1,599.0,0.3269978317281359,398.69
Motorola,Razr 128GB,8,Snapdragon 8+ Gen 1,3500,6.7,2023,Good,2,999.0,0.1,879.72
Motorola,Razr 256GB,12,Snapdragon 8+ Gen 1,3500,6.7,2023,Good,2,1099.0,0.1,973.28
Motorola,G84 5G 128GB,8,Snapdragon 695,5000,6.5,2023,regular,2,299.0,0.4971446511327411,152.83
Motorola,G84 5G 256GB,12,Snapdragon 695,5000,6.5,2023,Good,2,349.0,0.7,102.74
Motorola,Moto G Stylus 64GB,4,MediaTek Helio G88,5000,6.8,2023,Good,2,199.0,0.2484822721150267,146.5
Motorola,Moto G Stylus 128GB,6,MediaTek Helio G88,5000,6.8,2023,Good,2,249.0,0.4596226936129105,131.23
Motorola,One Vision 3 128GB,6,Exynos 9609,3500,6.3,2024,Good,1,299.0,0.22045733963689124,232.19
Motorola,One Vision 3 256GB,8,Exynos 9609,3500,6.3,2024,Good,1,349.0,0.17527758670221433,282.73
Motorola,Edge 50 Lite 128GB,6,Snapdragon 695,5000,6.7,2024,regular,1,399.0,0.5797691207469422,163.52
Motorola,Edge 50 Lite 256GB,8,Snapdragon 695,5000,6.7,2024,regular,1,449.0,0.2774313639528372,326.0
Motorola,Moto E40 Plus 64GB,4,Unisoc T700,5000,6.5,2023,Excellent,2,199.0,0.16684807851797573,166.84
Motorola,Moto E40 Plus 128GB,6,Unisoc T700,5000,6.5,2023,regular,2,229.0,0.4804244515490035,116.13
Motorola,Moto G Power 64GB,4,Snapdragon 662,5000,6.6,2022,Good,3,249.0,0.1329773865892378,206.61
Motorola,Moto G Power 128GB,6,Snapdragon 662,5000,6.6,2022,Good,3,279.0,0.5480105873841308,126.12
Motorola,Moto G Play 32GB,3,MediaTek Helio G25,5000,6.5,2022,Good,3,149.0,0.25626006082614783,108.02
Motorola,Moto G Play 64GB,4,MediaTek Helio G25,5000,6.5,2022,regular,3,179.0,0.2610637101267889,131.85
Motorola,Moto G75 5G 128GB,8,Snapdragon 6 Gen 3,5000,6.78,2024,Good,1,320.0,0.33412746089260087,203.59
Motorola,Moto G75 5G 256GB,8,Snapdragon 6 Gen 3,5000,6.78,2024,Good,1,370.0,0.1,332.46
Motorola,Moto S50 128GB,8,MediaTek Dimensity 8100,4500,6.7,2024,Good,1,300.0,0.20704528934228206,230.0
Motorola,Moto S50 256GB,12,MediaTek Dimensity 8100,4500,6.7,2024,Good,1,350.0,0.1977202508389491,279.66
Motorola,Edge 50 Neo 256GB,8,MediaTek Dimensity 7300,4310,6.4,2024,Excellent,1,400.0,0.3214738914578945,267.4
Motorola,Edge 50 Neo 512GB,12,MediaTek Dimensity 7300,4310,6.4,2024,Excellent,1,450.0,0.16867455821998822,363.13
Motorola,Moto G55 128GB,8,MediaTek Dimensity 7025,5000,6.49,2024,Excellent,1,270.0,0.1,237.87
Motorola,Moto G55 256GB,8,MediaTek Dimensity 7025,5000,6.49,2024,Excellent,1,320.0,0.2544415748000718,237.46
Motorola,Moto G35 128GB,4,Unisoc T760,5000,6.72,2024,Excellent,1,200.0,0.39755188725432833,118.87
Motorola,Moto G35 256GB,8,Unisoc T760,5000,6.72,2024,Good,1,250.0,0.33945257658796557,164.11
Motorola,Moto G45 128GB,6,Snapdragon 6s Gen 3,5000,6.5,2024,Excellent,1,250.0,0.1,228.3
Motorola,Moto G45 256GB,8,Snapdragon 6s Gen 3,5000,6.5,2024,Good,1,300.0,0.1,259.61
Motorola,Edge 50 256GB,8,Snapdragon 7s Gen 2,4700,6.7,2024,regular,1,450.0,0.1,408.75
Motorola,Edge 50 512GB,12,Snapdragon 7s Gen 2,4700,6.7,2024,Good,1,500.0,0.12369382391133307,432.27
Motorola,Razr 50 Ultra 512GB,12,Snapdragon 8+ Gen 1,4000,6.9,2024,Good,1,1199.0,0.1,1048.37
Motorola,Razr 50 256GB,8,Snapdragon 7 Gen 1,3800,6.7,2024,Excellent,1,999.0,0.1,867.67
Motorola,Moto G85 128GB,8,Snapdragon 6s Gen 3,5000,6.67,2024,Excellent,1,320.0,0.1,282.86
Motorola,Moto G85 256GB,12,Snapdragon 6s Gen 3,5000,6.67,2024,Excellent,1,370.0,0.18242318858918272,302.15
Motorola,S50 Neo 256GB,8,MediaTek Dimensity 7200,4300,6.5,2024,Excellent,1,300.0,0.1,265.43
Motorola,S50 Neo 512GB,12,MediaTek Dimensity 7200,4300,6.5,2024,Good,1,350.0,0.32162541095655045,239.25
Motorola,Moto E14 64GB,4,Unisoc T606,5000,6.5,2024,Excellent,1,150.0,0.1,130.04
Motorola,Moto E14 128GB,4,Unisoc T606,5000,6.5,2024,Excellent,1,180.0,0.1,159.54
Motorola,Edge 256GB,8,Snapdragon 7s Gen 2,4700,6.7,2024,Excellent,1,450.0,0.1,391.32
Motorola,Edge 512GB,12,Snapdragon 7s Gen 2,4700,6.7,2024,Good,1,500.0,0.16397811106959612,414.02
Motorola,Moto X50 Ultra 512GB,12,Snapdragon 8 Gen 3,5000,6.9,2024,Good,1,1499.0,0.1,1346.81
Motorola,Moto G Stylus 5G 256GB,6,Snapdragon 6 Gen 1,5000,6.8,2024,Good,1,300.0,0.3499821824990511,190.85
Motorola,Moto G Stylus 5G 512GB,8,Snapdragon 6 Gen 1,5000,6.8,2024,Good,1,350.0,0.5826877080859243,138.16
Motorola,Edge 50 Ultra 512GB,12,Snapdragon 8 Gen 3,5000,6.9,2024,Good,1,1499.0,0.5046904629243292,733.55
Motorola,Edge 30 Fusion 128GB,8,Snapdragon 888+ 5G,4400,6.55,2022,Excellent,3,699.0,0.1,623.78
Motorola,Edge 30 Fusion 256GB,12,Snapdragon 888+ 5G,4400,6.55,2022,Good,3,749.0,0.672681534212488,242.97
Motorola,Edge 30 Neo 128GB,6,Snapdragon 695 5G,4020,6.28,2022,Good,3,499.0,0.3371668643005279,331.92
Motorola,Edge 30 Neo 256GB,8,Snapdragon 695 5G,4020,6.28,2022,Excellent,3,549.0,0.1,478.75
Motorola,Moto G82 5G 128GB,6,Snapdragon 695 5G,5000,6.6,2022,regular,3,399.0,0.29664933411476513,279.29
Motorola,Moto G82 5G 256GB,8,Snapdragon 695 5G,5000,6.6,2022,regular,3,449.0,0.374382578377968,281.71
Motorola,Moto G62 5G 128GB,4,Snapdragon 480+ 5G,5000,6.5,2022,Excellent,3,349.0,0.1,301.01
Motorola,Moto G62 5G 256GB,6,Snapdragon 480+ 5G,5000,6.5,2022,Good,3,399.0,0.34260405559387197,259.62
Motorola,Moto G42 128GB,4,Snapdragon 680 4G,5000,6.4,2022,regular,3,299.0,0.49014349526246626,149.01
Motorola,Moto G32 128GB,4,Snapdragon 680 4G,5000,6.5,2022,Good,3,279.0,0.30076150503835364,191.92
Motorola,Moto E32s 64GB,3,MediaTek Helio G37,5000,6.5,2022,Excellent,3,199.0,0.2592345424365875,145.97
Motorola,Moto E22i 32GB,2,MediaTek Helio G37,4020,6.5,2022,Good,3,179.0,0.5976615686965854,70.41
Motorola,Moto E22 64GB,4,MediaTek Helio G37,4020,6.5,2022,Good,3,199.0,0.5373885338603309,89.75
Motorola,Moto G22 64GB,4,MediaTek Helio G37,5000,6.5,2022,Good,3,249.0,0.1,220.85
Huawei,P50,8,Snapdragon 888 4G,4100,6.5,2021,Good,4,699.0,0.1,609.4
Huawei,P50 Pro,8,Snapdragon 888 4G,4360,6.6,2021,Good,4,899.0,0.5835799778098184,362.65
Huawei,P50 Pocket,8,Snapdragon 888 4G,4000,6.9,2021,Good,4,1299.0,0.1,1163.48
Huawei,Mate 40E,8,Kirin 990E 5G,4200,6.5,2021,Good,4,799.0,0.2938086495268291,546.06
Huawei,Mate X2,8,Kirin 9000 5G,4500,8.0,2021,Excellent,4,2699.0,0.1,2416.94
Huawei,Nova 9,8,Snapdragon 778G 4G,4300,6.57,2021,Good,4,499.0,0.1,445.48
Huawei,Nova 9 Pro,8,Snapdragon 778G 4G,4000,6.72,2021,Good,4,599.0,0.485365682051197,295.66
Huawei,P50E,8,Snapdragon 778G 4G,4100,6.5,2022,regular,3,649.0,0.6397887900756618,227.89
Huawei,Mate Xs 2,8,Snapdragon 888 4G,4600,7.8,2022,Good,3,2499.0,0.15587239981832018,2115.62
Huawei,Mate 50,8,Snapdragon 8+ Gen 1 4G,4460,6.7,2022,Good,3,999.0,0.1,872.38
Huawei,Mate 50 Pro,8,Snapdragon 8+ Gen 1 4G,4700,6.74,2022,Excellent,3,1199.0,0.1,1055.4
Huawei,Nova 10,8,Snapdragon 778G 4G,4000,6.67,2022,Good,3,499.0,0.39795100135063666,298.0
Huawei,Nova 10 Pro,8,Snapdragon 778G 4G,4500,6.78,2022,Good,3,599.0,0.1,537.35
Huawei,Nova 10 SE,8,Snapdragon 680 4G,4500,6.67,2022,Good,3,399.0,0.34583997994478893,256.11
Huawei,P60,8,Snapdragon 8+ Gen 1 4G,4815,6.67,2023,Good,2,999.0,0.24617253770675113,735.03
Huawei,P60 Pro,12,Snapdragon 8+ Gen 1 4G,4815,6.67,2023,Good,2,1099.0,0.3948228749002721,669.3
Huawei,P60 Art,12,Snapdragon 8+ Gen 1 4G,5100,6.73,2023,Excellent,2,1299.0,0.12989509210353833,1142.79
Huawei,Mate X3,12,Snapdragon 8+ Gen 1 4G,4800,7.85,2023,Good,2,2499.0,0.1,2248.39
Huawei,Mate 60,12,Kirin 9000S,4750,6.7,2023,Good,2,1099.0,0.5491428754161228,488.69
Huawei,Mate 60 Pro,12,Kirin 9000S,5000,6.82,2023,Good,2,1299.0,0.21036760674325752,997.91
Huawei,Mate 60 Pro+,12,Kirin 9000S,5200,6.82,2023,Excellent,2,1499.0,0.1,1312.06
Huawei,Nova 11,8,Snapdragon 778G 4G,4500,6.7,2023,regular,2,499.0,0.16668301023170107,412.85
Huawei,Nova 11 Pro,8,Snapdragon 778G 4G,4500,6.78,2023,Good,2,599.0,0.13917943720212245,511.13
Huawei,Nova 11 Ultra,12,Snapdragon 778G 4G,4500,6.78,2023,Good,2,699.0,0.1,632.89
Huawei,Pura 70,12,Kirin 9010,4900,6.8,2024,Good,1,999.0,0.15676348501914422,837.98
Huawei,Pura 70 Pro,12,Kirin 9010,5050,6.8,2024,Good,1,1099.0,0.6279271200355858,393.56
Huawei,Pura 70 Pro+,12,Kirin 9010,5050,6.8,2024,Excellent,1,1199.0,0.1,1079.94
Huawei,Pura 70 Ultra,16,Kirin 9010,5200,6.8,2024,Good,1,1299.0,0.1,1134.06
Huawei,Mate 70,12,Kirin 9010,4900,6.7,2024,Good,1,899.0,0.5677925818734021,380.49
Huawei,Mate 70 Pro,12,Kirin 9010,5000,6.8,2024,Good,1,999.0,0.14766908071203344,841.9
Huawei,Mate 70 Pro+,12,Kirin 9010,5000,6.8,2024,Good,1,1099.0,0.1,1003.87
Huawei,Mate X6,12,Kirin 9010,4800,7.93,2024,Excellent,1,2499.0,0.30997617184901916,1778.94
Huawei,Nova 12,8,Kirin 9000S,4500,6.7,2024,Good,1,499.0,0.1,446.45
Huawei,Nova 12 Pro,8,Kirin 9000S,4500,6.78,2024,Good,1,599.0,0.656502428386734,202.1
Huawei,Mate XT 256GB,12,Kirin 9010,5000,7.92,2024,Good,1,2599.0,0.3694814678348173,1627.28
Huawei,Mate XT 512GB,12,Kirin 9010,5000,7.92,2024,Good,1,2799.0,0.1,2514.85
Huawei,Nova 13 256GB,8,Kirin 9000S,4600,6.7,2024,Good,1,529.0,0.7,155.56
Huawei,Nova 13 512GB,8,Kirin 9000S,4600,6.7,2024,regular,1,599.0,0.1985712692491654,485.78
Huawei,Nova 13 Pro 256GB,8,Kirin 9000S,4600,6.78,2024,Good,1,649.0,0.3855238430023267,394.19
Huawei,Nova 13 Pro 512GB,8,Kirin 9000S,4600,6.78,2024,Good,1,729.0,0.274823145101623,524.67
Nokia,G42 5G 128GB,4,Snapdragon 480+,5000,6.56,2023,Excellent,2,229.0,0.4254353223496995,130.92
Nokia,G20 64GB,4,MediaTek G35,5050,6.52,2021,Excellent,4,169.0,0.5903777991817132,68.63
Nokia,G20 128GB,4,MediaTek G35,5050,6.52,2021,Good,4,189.0,0.35800103726644167,121.04
Nokia,C32 64GB,3,Unisoc SC9863A,5000,6.52,2023,Excellent,2,139.0,0.1,122.07
Nokia,C32 128GB,4,Unisoc SC9863A,5000,6.52,2023,Excellent,2,159.0,0.21499303573477913,121.9
Nokia,G21 64GB,4,Unisoc T606,5050,6.5,2022,Good,3,169.0,0.13057115756197352,142.3
Nokia,G21 128GB,6,Unisoc T606,5050,6.5,2022,Excellent,3,189.0,0.6533468118816558,64.97
Nokia,C22 64GB,2,Unisoc SC9863A,5000,6.5,2023,regular,2,119.0,0.4341338327706844,67.11
Nokia,C22 128GB,3,Unisoc SC9863A,5000,6.5,2023,Excellent,2,139.0,0.1,124.08
Nokia,G400 128GB,6,Snapdragon 480,5000,6.58,2022,Good,3,239.0,0.3461700764662271,157.85
Sony,Xperia 1 IV 256GB,12,Snapdragon 8 Gen 1,5000,6.5,2022,Good,3,1599.0,0.1,1417.39
Sony,Xperia 5 IV 128GB,8,Snapdragon 8 Gen 1,5000,6.1,2022,regular,3,999.0,0.20709649037233724,788.17
Sony,Xperia 10 IV 128GB,6,Snapdragon 695,5000,6.0,2022,Excellent,3,499.0,0.4501034769861064,265.79
Sony,Xperia 1 V 256GB,12,Snapdragon 8 Gen 2,5000,6.5,2023,Good,2,1699.0,0.1,1497.28
Sony,Xperia 5 V 128GB,8,Snapdragon 8 Gen 2,5000,6.1,2023,regular,2,1099.0,0.13827225432951518,942.71
Sony,Xperia 10 V 128GB,6,Snapdragon 695,5000,6.1,2023,regular,2,599.0,0.5341631881318216,278.4
Sony,Xperia 1 VI 256GB,12,Snapdragon 8 Gen 3,5000,6.5,2024,regular,1,1799.0,0.6464260386657492,623.73
Sony,Xperia 5 VI 128GB,8,Snapdragon 8 Gen 3,5000,6.1,2024,Good,1,1199.0,0.3797383276662667,731.74
Sony,Xperia 10 VI 128GB,6,Snapdragon 7 Gen 1,5000,6.1,2024,Excellent,1,699.0,0.2990119214514541,471.48
Nokia,T21,4,Unisoc T612,8200,10.4,2022,Good,3,39622.0,0.11080122785763485,34514.67
Huawei,MatePad Pro 12.2 512GB,12,Kirin 9000S,10100,12.2,2024,regular,1,999.0,0.1,897.62
Huawei,MatePad Pro 13.2 512GB,12,Kirin 9000S,10100,13.2,2024,Good,1,877.0,0.5753334129888716,370.06
Google,Pixel 3a 64GB,4,Snapdragon 670,3000,5.6,2019,Good,6,399.0,0.36933004028946614,249.75
Google,Pixel 3a XL 64GB,4,Snapdragon 670,3700,6.0,2019,Good,6,479.0,0.38729174588623827,289.3
Google,Pixel 4 64GB,6,Snapdragon 855,2800,5.7,2019,Good,6,799.0,0.7,236.13
Google,Pixel 4 XL 64GB,6,Snapdragon 855,3700,6.3,2019,Excellent,6,899.0,0.43905750235016505,491.73
Google,Pixel 4a 128GB,6,Snapdragon 730G,3140,5.8,2020,Good,5,349.0,0.513971943020402,168.86
Google,Pixel 4a 5G 128GB,6,Snapdragon 765G,3885,6.2,2020,Good,5,499.0,0.7,148.4
Google,Pixel 5 128GB,8,Snapdragon 765G,4080,6.0,2020,Good,5,699.0,0.23912044240496433,527.8
Google,Pixel 5a 128GB,6,Snapdragon 765G,4680,6.34,2021,Good,4,449.0,0.5819600320203093,183.4
Google,Pixel 6 128GB,8,Google Tensor,4614,6.4,2021,Excellent,4,699.0,0.21425328122427112,523.26
Google,Pixel 6 Pro 256GB,12,Google Tensor,5003,6.71,2021,Good,4,899.0,0.41714806971581425,524.75
Google,Pixel 6a 128GB,6,Google Tensor,4410,6.1,2022,Good,3,449.0,0.682117106603133,139.56
Google,Pixel 7 128GB,8,Google Tensor G2,4355,6.3,2022,Good,3,599.0,0.42695893907240595,333.66
Google,Pixel 7 Pro 256GB,12,Google Tensor G2,5000,6.7,2022,Excellent,3,899.0,0.28457401976240826,640.21
Google,Pixel 7a 128GB,8,Google Tensor G2,4385,6.1,2023,Good,2,499.0,0.5181268343274505,235.43
Google,Pixel 8 128GB,8,Google Tensor G3,4575,6.2,2023,Good,2,699.0,0.1587618176142787,588.55
Google,Pixel 8 Pro 256GB,12,Google Tensor G3,5050,6.7,2023,Excellent,2,999.0,0.1,893.93
Google,Pixel 8a 128GB,8,Google Tensor G3,4385,6.1,2024,Good,1,549.0,0.1,491.75
Google,Pixel 9 128GB,8,Google Tensor G4,4600,6.3,2024,Excellent,1,799.0,0.1,693.58
Google,Pixel 9 Pro 256GB,12,Google Tensor G4,5050,6.7,2024,Excellent,1,1099.0,0.5640517824850806,480.63
Google,Pixel 9 Pro XL 512GB,16,Google Tensor G4,5250,6.8,2024,regular,1,1299.0,0.1,1156.14
Google,Pixel 9 Pro Fold 512GB,16,Google Tensor G4,5500,7.6,2024,Good,1,1799.0,0.144686594103557,1507.11
Tecno,Spark Go 1S 64GB,4,MediaTek Helio A22,5000,6.6,2024,regular,1,129.0,0.28079667502776984,91.59
Tecno,Megapad 11 256GB,8,MediaTek G99,8000,11.0,2024,Good,1,349.0,0.27685167445227515,241.87
Tecno,Pop 9 4G 64GB,3,Unisoc SC9863A,5000,6.52,2024,Good,1,99.0,0.40393430313482415,58.49
Tecno,Megapad 128GB,6,MediaTek Helio G80,7500,10.9,2024,Good,1,299.0,0.4151183720899363,169.56
Tecno,Camon 30S 256GB,8,MediaTek Dimensity 810,5200,6.8,2024,Good,1,499.0,0.1,433.25
Tecno,Spark 30C 5G 128GB,6,MediaTek Dimensity 6100+,5000,6.6,2024,Good,1,199.0,0.1582195715533971,161.18
Tecno,Spark 30 5G 128GB,6,MediaTek Dimensity 6020,5000,6.6,2024,Good,1,229.0,0.2706449876220749,167.3
Tecno,Pop 9 64GB,3,Unisoc SC9832E,5000,6.52,2024,Good,1,89.0,0.13782721845411322,74.86
Tecno,Spark 30 Pro 256GB,8,MediaTek Helio G99,5200,6.8,2024,regular,1,269.0,0.7,81.35
Tecno,Spark 30 128GB,4,MediaTek Helio G85,5000,6.6,2024,regular,1,179.0,0.4727437379095628,92.2
Tecno,Phantom V Fold2 512GB,12,MediaTek Dimensity 9200+,5500,7.85,2024,regular,1,1799.0,0.5337194465124544,804.77
Tecno,Phantom V Flip2 256GB,8,MediaTek Dimensity 8050,4300,6.9,2024,Excellent,1,999.0,0.2157203171668532,758.62
Tecno,Pova 6 Neo 5G 256GB,8,MediaTek Dimensity 810,6000,6.8,2024,Good,1,349.0,0.4933684643713312,177.44
Tecno,Spark 30C 128GB,4,MediaTek Helio G85,5000,6.6,2024,regular,1,149.0,0.39525538967592677,88.54
Tecno,Spark Go 1 64GB,3,Unisoc SC9863A,5000,6.52,2024,Excellent,1,99.0,0.1,87.03
Tecno,Camon 30S Pro 512GB,12,MediaTek Dimensity 9200,5200,6.9,2024,Excellent,1,1099.0,0.14992198793816042,922.46
Tecno,Spark 20P 128GB,4,MediaTek Helio G85,5000,6.6,2024,Good,1,179.0,0.1,159.9
Tecno,Spark 20 Pro 5G 256GB,8,MediaTek Dimensity 810,5200,6.8,2024,Good,1,329.0,0.1,296.62
Tecno,Pova 6 Neo 256GB,8,MediaTek Helio G99,6000,6.8,2024,regular,1,299.0,0.4965910046887733,151.53
Tecno,Camon 30 Premier 512GB,12,MediaTek Dimensity 9200,5200,6.9,2024,Excellent,1,1199.0,0.3595707678584089,752.21
Tecno,Camon 30 Pro 512GB,12,MediaTek Dimensity 8200,5200,6.8,2024,Good,1,899.0,0.2053178941840154,689.49
Tecno,Camon 30 5G 256GB,8,MediaTek Dimensity 810,5000,6.7,2024,Good,1,499.0,0.27720825314974096,353.03
Tecno,Camon 30 128GB,6,MediaTek Helio G99,5000,6.7,2024,Excellent,1,349.0,0.4755537361588095,181.0
Tecno,Pova 6 Pro 512GB,12,MediaTek Dimensity 8100,6000,6.9,2024,Excellent,1,1099.0,0.11018829487214209,949.1
Tecno,Spark 20 Pro+ 256GB,8,MediaTek Helio G99,5200,6.8,2024,regular,1,269.0,0.7,78.33
Tecno,Spark 20 Pro 128GB,6,MediaTek Helio G85,5000,6.6,2024,Good,1,199.0,0.341377411407886,129.78
Tecno,Spark 20 128GB,4,MediaTek Helio G85,5000,6.6,2024,Good,1,179.0,0.1,158.57
Tecno,Spark 20C 128GB,4,MediaTek Helio G85,5000,6.6,2024,Good,1,149.0,0.3883354052761331,89.82
Tecno,Spark Go 2024 64GB,3,Unisoc SC9863A,5000,6.52,2024,regular,1,99.0,0.4452895962206944,53.47
Tecno,Pop 8 64GB,3,Unisoc SC9832E,5000,6.52,2024,Good,1,89.0,0.5224381885206864,41.72
Tecno,Camon 20s Pro 5G 512GB,12,MediaTek Dimensity 9200,5200,6.9,2024,regular,1,1099.0,0.5182953378174896,514.11
Tecno,Camon 20s Pro 256GB,12,MediaTek Dimensity 810,5200,6.9,2024,Good,1,899.0,0.16538600400405654,749.08
Tecno,Camon 20s 256GB,8,MediaTek Helio G99,5000,6.7,2024,Good,1,449.0,0.1,404.31
Tecno,Camon 20 Premier 512GB,12,MediaTek Dimensity 8200,5200,6.8,2024,Good,1,1049.0,0.14774418567849368,855.85
Tecno,Camon 20 Pro 5G 256GB,8,MediaTek Dimensity 810,5000,6.7,2024,Good,1,499.0,0.1,436.1
Tecno,Camon 20 Pro 128GB,6,MediaTek Helio G99,5000,6.7,2024,Good,1,349.0,0.1,302.34
Tecno,Camon 20 128GB,6,MediaTek Helio G99,5000,6.7,2024,Good,1,349.0,0.3471446011051524,222.21
Tecno,Pova 5G 512GB,8,MediaTek Dimensity 900,6000,6.9,2024,Good,1,699.0,0.6174761260878515,263.04
Tecno,Pova 5 256GB,8,MediaTek Helio G99,6000,6.8,2024,regular,1,329.0,0.4486678824557453,174.72
Infinix,Xpad,6,MediaTek Helio G99,7000,10.1,2024,Good,1,299.0,0.1,261.34
Infinix,Xpad 5G,8,MediaTek Dimensity 810,8000,10.4,2024,Good,1,399.0,0.31115066705503514,266.59
Infinix,Xpad Lite,4,Unisoc T606,6000,9.7,2024,regular,1,219.0,0.6491578716614128,75.92
Infinix,Xpad Pro,12,MediaTek Dimensity 9200,9000,11.0,2024,Good,1,549.0,0.1,487.2
Infinix,Hot 50,6,MediaTek Helio G85,5000,6.78,2024,Excellent,1,219.0,0.1,192.01
Infinix,Hot 50i,4,Unisoc T606,5000,6.6,2024,regular,1,179.0,0.3536720486822993,114.26
Infinix,Hot 50 5G,8,MediaTek Dimensity 810,5200,6.78,2024,Good,1,289.0,0.1,254.07
Infinix,Hot 50 Pro,8,MediaTek Helio G99,5000,6.8,2024,Good,1,269.0,0.36207010846096477,168.33
Infinix,Hot 50 Pro+,12,MediaTek Dimensity 9200,5300,6.9,2024,Excellent,1,379.0,0.1,344.55
Infinix,GT 20 Pro,12,MediaTek Dimensity 8200,5500,6.9,2024,Good,1,449.0,0.3048831109767569,313.7
Infinix,Note 40X 5G,8,MediaTek Dimensity 7200,5200,6.8,2024,Good,1,349.0,0.1,303.27
Infinix,Note 40S,8,MediaTek Helio G99,5000,6.78,2024,Good,1,279.0,0.1,250.46
Infinix,Note 40 5G,8,MediaTek Dimensity 8100,5200,6.8,2024,regular,1,319.0,0.5305953394569428,149.32
Infinix,Note 40 Pro 5G,12,MediaTek Dimensity 9000,5300,6.8,2024,Good,1,399.0,0.10679171197705822,344.91
Infinix,Note 40 Racing Edition,12,MediaTek Dimensity 9200,5500,6.9,2024,Excellent,1,449.0,0.48174096280835127,232.07
Infinix,Hot 40,8,MediaTek Helio G88,5000,6.78,2023,Good,2,199.0,0.15009095359634944,170.5
Infinix,Hot 40i,4,Unisoc T606,5000,6.6,2023,Good,2,159.0,0.3061711814379715,106.81
Infinix,Hot 40 Pro,8,MediaTek Helio G99,5000,6.78,2023,Good,2,229.0,0.4831477079682725,114.95
Infinix,Zero 40,12,MediaTek Dimensity 8200,5000,6.78,2024,Excellent,1,349.0,0.1,314.18
Infinix,Zero 40 5G,12,MediaTek Dimensity 8200,5000,6.78,2024,Good,1,379.0,0.1,337.37
Infinix,Zero Flip,8,Qualcomm Snapdragon 778G,4500,6.7,2024,Good,1,399.0,0.1,356.68
Infinix,Note 40,8,MediaTek Helio G99,5000,6.78,2024,regular,1,279.0,0.6656460258567956,92.36
Infinix,Note 40 Pro,12,MediaTek Dimensity 8100,5000,6.78,2024,Good,1,329.0,0.1,293.39
Infinix,Hot 30 128GB,8,MediaTek Helio G88,5000,6.78,2023,regular,2,199.0,0.7,57.62
Infinix,Hot 30i 128GB,4,Unisoc T606,5000,6.6,2023,Excellent,2,159.0,0.1,143.2
Infinix,Hot 30i NFC 128GB,4,Unisoc T606,5000,6.6,2023,regular,2,159.0,0.4461378257992593,88.29
Infinix,Hot 30 Play 128GB,4,MediaTek Helio G37,6000,6.82,2023,Excellent,2,179.0,0.4855274881419689,90.39
Infinix,Hot 30 5G 128GB,8,MediaTek Dimensity 810,5000,6.78,2023,Good,2,239.0,0.7,70.58
Infinix,Zero 30 256GB,8,MediaTek Dimensity 8020,5000,6.78,2023,Good,2,349.0,0.7,100.72
Infinix,Zero 30 5G 256GB,12,MediaTek Dimensity 8020,5000,6.78,2023,Excellent,2,379.0,0.40209155764828564,224.96
Infinix,GT 10 Pro 256GB,8,MediaTek Dimensity 8050,5000,6.67,2023,Good,2,399.0,0.5060156314528657,195.83
Infinix,Hot 12 128GB,6,MediaTek Helio G85,5000,6.82,2022,Good,3,179.0,0.44813173730029576,97.21
Infinix,Hot 12 Play 128GB,4,Unisoc T610,6000,6.82,2022,Good,3,159.0,0.4945902690416595,80.51
Infinix,Hot 12 Pro 128GB,8,Unisoc T616,5000,6.6,2022,Good,3,199.0,0.1622035709178667,163.39
Infinix,Hot 12i 64GB,4,MediaTek Helio A22,5000,6.6,2022,Good,3,139.0,0.1,124.28
Infinix,Hot 20 128GB,6,MediaTek Helio G85,5000,6.82,2022,Good,3,199.0,0.299156385647262,135.24
Infinix,Hot 20 Play 128GB,4,MediaTek Helio G37,6000,6.82,2022,Good,3,159.0,0.2574538443687679,116.25
Infinix,Hot 20s 128GB,8,MediaTek Helio G96,5000,6.78,2022,Good,3,219.0,0.1866929876681812,174.98
Infinix,Hot 20 5G 128GB,6,MediaTek Dimensity 810,5000,6.6,2022,Excellent,3,239.0,0.32409686186417885,159.66
Infinix,Hot 20i 64GB,4,MediaTek Helio G25,5000,6.6,2022,regular,3,139.0,0.6888263021426277,42.36
Infinix,Hot 10T 128GB,4,MediaTek Helio G70,5000,6.82,2021,Good,4,149.0,0.37210172157296184,91.97
Infinix,Hot 10S 128GB,6,MediaTek Helio G85,6000,6.82,2021,Good,4,169.0,0.7,50.57
Infinix,Hot 10S NFC 128GB,6,MediaTek Helio G85,6000,6.82,2021,Good,4,179.0,0.1,157.63
Infinix,Hot 10 Lite 64GB,3,MediaTek Helio A25,5000,6.6,2020,regular,5,109.0,0.5015851351800704,52.2
Infinix,Hot 10 Play 64GB,4,MediaTek Helio G25,6000,6.82,2021,Excellent,4,139.0,0.1,126.51
Infinix,Hot 11 128GB,4,MediaTek Helio G70,5200,6.6,2021,Good,4,159.0,0.1,143.92
Infinix,Hot 11 Play 128GB,4,MediaTek Helio G35,6000,6.82,2021,Good,4,169.0,0.3293298285393252,109.45
Infinix,Hot 11s 128GB,6,MediaTek Helio G88,5000,6.78,2021,Good,4,189.0,0.3195631229041791,128.0
Infinix,Smart HD 32GB,2,MediaTek Helio A20,5000,6.1,2020,Excellent,5,79.0,0.6283624358105327,28.7
Infinix,Note 8i 128GB,6,MediaTek Helio G80,5200,6.78,2020,regular,5,199.0,0.7,59.04
Infinix,Hot 10 Lite 64GB,3,MediaTek Helio A25,5000,6.6,2020,regular,5,109.0,0.29395329391769875,76.14
Infinix,Note 8 128GB,6,MediaTek Helio G80,5200,6.95,2020,Good,5,229.0,0.7,67.43
Infinix,Zero 8i 128GB,8,MediaTek Helio G90T,4500,6.85,2020,Good,5,249.0,0.7,72.7
Infinix,Hot 10 128GB,4,MediaTek Helio G70,5200,6.78,2020,regular,5,159.0,0.6955244258671539,47.18
Infinix,Zero 8 128GB,8,MediaTek Helio G90T,4500,6.85,2020,Good,5,279.0,0.3433789752875421,177.93
Infinix,Smart 5 64GB,3,MediaTek Helio A20,5000,6.6,2020,Excellent,5,99.0,0.1,86.65
Honor,9X Lite,4,Kirin 710F,3750,6.5,2020,Good,5,219.0,0.30694830598223677,149.35
Honor,30,8,Kirin 985 5G,4000,6.53,2020,Good,5,449.0,0.6721871549260465,143.4
Honor,30 Pro,8,Kirin 990 5G,4000,6.57,2020,Good,5,599.0,0.7,178.84
Honor,30 Pro+,12,Kirin 990 5G,4000,6.57,2020,Good,5,699.0,0.7,211.23
Honor,30S,6,Kirin 820 5G,4000,6.5,2020,regular,5,349.0,0.42778764455343143,194.97
Honor,X10,6,Kirin 820 5G,4300,6.63,2020,regular,5,319.0,0.27009564167774713,230.18
Honor,X10 Max,8,MediaTek Dimensity 800,5000,7.09,2020,Good,5,379.0,0.435221561727801,212.44
Honor,Play 4,6,MediaTek Dimensity 800,4300,6.81,2020,Excellent,5,349.0,0.1,311.61
Honor,Play 4 Pro,8,Kirin 990 5G,4200,6.57,2020,regular,5,549.0,0.6307919285461954,199.89
Honor,10X Lite,4,Kirin 710A,5000,6.67,2020,regular,5,229.0,0.5130993534253327,111.07
Honor,V40,8,MediaTek Dimensity 1000+,4000,6.72,2021,Excellent,4,599.0,0.1,534.91
Honor,50,8,Qualcomm Snapdragon 778G,4300,6.57,2021,regular,4,549.0,0.1013242331833012,476.81
Honor,50 Pro,8,Qualcomm Snapdragon 778G,4000,6.72,2021,regular,4,649.0,0.6284000266424292,240.7
Honor,50 SE,8,MediaTek Dimensity 900,4000,6.78,2021,Good,4,449.0,0.21682479008452216,351.05
Honor,X20,6,MediaTek Dimensity 900,4300,6.67,2021,Good,4,379.0,0.1,332.08
Honor,X20 SE,6,MediaTek Dimensity 700,4000,6.6,2021,Good,4,299.0,0.1,265.22
Honor,Play 5,8,MediaTek Dimensity 800U,3800,6.53,2021,Excellent,4,319.0,0.19312127373734092,256.17
Honor,Play 5T,6,Unisoc T610,5000,6.5,2021,Good,4,219.0,0.7,64.51
Honor,Magic3,8,Qualcomm Snapdragon 888,4600,6.76,2021,regular,4,899.0,0.7,270.0
Honor,Magic3 Pro,8,Qualcomm Snapdragon 888+,4600,6.76,2021,Excellent,4,1099.0,0.1,1009.34
Honor,Magic3 Pro+,12,Qualcomm Snapdragon 888+,4600,6.76,2021,Good,4,1299.0,0.19944698490955487,1012.06
Honor,60,8,Qualcomm Snapdragon 778G,4800,6.67,2021,Good,4,549.0,0.46719356401875595,282.06
Honor,60 Pro,8,Qualcomm Snapdragon 778G+,4800,6.78,2021,Good,4,649.0,0.10040364020292714,577.74
Honor,60 SE,8,MediaTek Dimensity 900,4300,6.67,2021,regular,4,449.0,0.5754479749548665,189.83
Honor,X30,6,Qualcomm Snapdragon 695,4800,6.81,2021,Good,4,379.0,0.5415200695961726,170.56
Honor,X30i,6,MediaTek Dimensity 810,4000,6.7,2021,Good,4,299.0,0.6567333059710769,103.33
Honor,X30 Max,8,MediaTek Dimensity 900,5000,7.09,2021,Good,4,499.0,0.3249614808800118,325.03
Honor,Play 6,6,MediaTek MT6762G Helio G25,5000,6.52,2022,Good,3,179.0,0.24908156245575855,133.8
Honor,Play 6T,6,MediaTek Dimensity 700,5000,6.74,2022,Good,3,229.0,0.1,201.14
Honor,Magic4,8,Qualcomm Snapdragon 8 Gen 1,4800,6.81,2022,Good,3,899.0,0.1,817.83
Honor,Magic4 Pro,8,Qualcomm Snapdragon 8 Gen 1,4600,6.81,2022,Excellent,3,1099.0,0.1,1003.83
Honor,Magic4 Ultimate,12,Qualcomm Snapdragon 8 Gen 1,4600,6.81,2022,Excellent,3,1299.0,0.24184137670404457,958.75
Honor,Magic V,12,Qualcomm Snapdragon 8 Gen 1,4750,7.9,2022,Good,3,1799.0,0.5283961565583124,828.7
Honor,70,8,Qualcomm Snapdragon 778G+,4800,6.67,2022,Good,3,549.0,0.1,493.06
Honor,70 Pro,8,MediaTek Dimensity 8000,4500,6.78,2022,regular,3,699.0,0.7,205.34
Honor,70 Pro+,12,MediaTek Dimensity 9000,4500,6.78,2022,Good,3,799.0,0.23221909973935784,603.84
Honor,X40,6,Qualcomm Snapdragon 695,5100,6.67,2022,Good,3,299.0,0.29465817641289094,207.81
Honor,X40i,6,MediaTek Dimensity 700,4000,6.7,2022,Good,3,279.0,0.11319708021304414,236.58
Honor,Play 7,4,MediaTek Helio G37,5200,6.74,2023,Excellent,2,159.0,0.1,140.92
Honor,Play 7T,6,MediaTek Dimensity 6020,5200,6.74,2023,Good,2,199.0,0.47101134909026243,102.6
Honor,Magic5,8,Qualcomm Snapdragon 8 Gen 2,5100,6.81,2023,Excellent,2,999.0,0.2842109742731084,699.06
Honor,Magic5 Pro,12,Qualcomm Snapdragon 8 Gen 2,5100,6.81,2023,regular,2,1199.0,0.3296681107204467,809.08
Honor,Magic5 Ultimate,16,Qualcomm Snapdragon 8 Gen 2,5450,6.81,2023,Excellent,2,1399.0,0.11674767930621799,1193.85
Honor,Magic Vs,12,Qualcomm Snapdragon 8+ Gen 1,5000,7.9,2023,Good,2,1699.0,0.3789848044260249,1052.15
Honor,80,8,Qualcomm Snapdragon 782G,4800,6.67,2022,Excellent,3,549.0,0.1,484.62
Honor,80 Pro,12,Qualcomm Snapdragon 8+ Gen 1,4800,6.78,2022,regular,3,799.0,0.3177368306634264,534.66
Honor,80 SE,8,MediaTek Dimensity 900,4600,6.67,2022,Good,3,399.0,0.49856616990545677,199.44
Honor,X50,6,Qualcomm Snapdragon 6 Gen 1,5800,6.78,2023,Good,2,299.0,0.1,266.44
Honor,X50i,6,MediaTek Dimensity 6020,4500,6.7,2023,Excellent,2,249.0,0.17338948304165733,204.5
Honor,Play 8,4,MediaTek Helio G36,5000,6.52,2023,Good,2,149.0,0.1,134.04
Honor,Play 8T,6,MediaTek Dimensity 6100+,5200,6.74,2023,Good,2,189.0,0.36660749560838163,117.32
Honor,Magic6,8,Qualcomm Snapdragon 8 Gen 3,5200,6.81,2024,regular,1,1099.0,0.34108962942562915,706.63
Honor,Magic6 Pro,12,Qualcomm Snapdragon 8 Gen 3,5500,6.81,2024,Good,1,1299.0,0.1,1132.53
Honor,Magic6 Ultimate,16,Qualcomm Snapdragon 8 Gen 3,5550,6.81,2024,Excellent,1,1499.0,0.34118483861429283,960.52
Honor,Magic V2,12,Qualcomm Snapdragon 8 Gen 2,5000,7.92,2024,Excellent,1,1899.0,0.1,1759.07
Honor,90,12,Qualcomm Snapdragon 7 Gen 1,5000,6.7,2023,Good,2,599.0,0.1,541.08
Honor,90 Pro,12,Qualcomm Snapdragon 8+ Gen 1,5000,6.78,2023,Good,2,699.0,0.3001422993077357,471.95
Honor,90 SE,8,MediaTek Dimensity 900,4600,6.67,2023,Excellent,2,399.0,0.3871593373571788,236.0
Honor,X60,6,Qualcomm Snapdragon 6 Gen 1,5800,6.78,2023,Good,2,299.0,0.1,267.01
Honor,X60i,6,MediaTek Dimensity 6020,4500,6.7,2023,Good,2,249.0,0.26541996246199295,181.67
Honor,Play 9,4,MediaTek Helio G36,5000,6.52,2023,Good,2,149.0,0.35720412508264326,95.13
Honor,Play 9T,6,MediaTek Dimensity 6100+,5200,6.74,2023,Good,2,189.0,0.4232764018157861,106.95
Honor,Magic7,8,Qualcomm Snapdragon 8 Gen 3,5200,6.81,2024,Good,1,1099.0,0.24411038881930627,816.7
Honor,Magic7 Pro,12,Qualcomm Snapdragon 8 Gen 3,5500,6.81,2024,Good,1,1299.0,0.10824304022916942,1146.71
Honor,Magic7 Ultimate,16,Qualcomm Snapdragon 8 Gen 3,5550,6.81,2024,Excellent,1,1499.0,0.1,1330.6
Honor,Magic V3,12,Qualcomm Snapdragon 8 Gen 2,5000,7.92,2024,Excellent,1,1899.0,0.1,1626.57
Honor,Pad 6,4,Qualcomm Snapdragon 662,5100,10.1,2020,regular,5,199.0,0.28196524700359826,140.25
Honor,Pad X6,3,MediaTek MT8768T,5100,9.7,2020,regular,5,159.0,0.1,139.13
Honor,Pad 7,4,MediaTek Helio G80,5100,10.1,2021,Good,4,229.0,0.45913995103941696,122.32
Honor,Tablet V7,6,MediaTek Dimensity 800,7250,10.4,2021,Good,4,399.0,0.5759837102715488,174.22
Honor,Tablet V7 Pro,8,MediaTek Dimensity 1300T,7250,11.0,2021,Good,4,499.0,0.1,444.84
Honor,Pad 8,6,Qualcomm Snapdragon 680,7250,12.0,2022,Good,3,299.0,0.1,263.8
Honor,Pad X8,4,MediaTek Helio G80,5100,10.1,2022,Excellent,3,189.0,0.3047885652512995,131.24
Honor,Pad X8 Lite,3,MediaTek MT8786,5000,9.7,2022,Excellent,3,149.0,0.6643738674279247,49.62
Honor,Pad V8,6,MediaTek Dimensity 8020,7250,11.0,2023,Good,2,449.0,0.255198426918852,331.51
Honor,Pad V8 Pro,8,MediaTek Dimensity 9000,8500,12.1,2023,Good,2,649.0,0.1,580.66
Honor,Pad 9,8,Qualcomm Snapdragon 6 Gen 1,8300,12.1,2024,Excellent,1,399.0,0.1,364.79
Honor,Pad 9 Pro,12,MediaTek Dimensity 8100,9000,12.6,2024,Good,1,499.0,0.5437191047870462,220.41
Honor,Pad X9,6,Qualcomm Snapdragon 685,7250,11.5,2023,Good,2,299.0,0.1,266.98
Honor,Pad X8 Pro,4,MediaTek Helio G80,5100,10.1,2023,Good,2,189.0,0.1,165.18
Honor,MagicPad 13,12,Qualcomm Snapdragon 8+ Gen 1,10000,13.0,2023,Excellent,2,799.0,0.1,714.31
Honor,MagicPad 2,16,Qualcomm Snapdragon 8 Gen 2,10500,13.2,2024,Excellent,1,899.0,0.1,785.81
Honor,Pad X8a,4,MediaTek MT8786,5000,9.7,2023,Good,2,149.0,0.2806675789986989,104.9
Honor,Pad X8a Kids Edition,3,MediaTek MT8786,5100,9.7,2023,Excellent,2,129.0,0.5061696146173902,62.47
Honor,Pad X9 Pro,8,Qualcomm Snapdragon 7s Gen 2,8000,11.6,2024,Good,1,399.0,0.28076981827900727,286.87
Honor,Pad V9,8,MediaTek Dimensity 9000,8500,12.1,2024,Good,1,649.0,0.13691162446842808,559.46
Honor,Pad GT Pro,12,Qualcomm Snapdragon 8 Gen 3,10500,13.5,2024,Excellent,1,999.0,0.1,868.81
Honor,Pad X10,6,Qualcomm Snapdragon 685,8850,12.1,2024,Good,1,399.0,0.1,354.01
Honor,Pad X10 Pro,8,Qualcomm Snapdragon 7s Gen 2,9000,12.6,2024,Good,1,499.0,0.42077744428678976,281.62
Honor,MagicPad 3,12,Qualcomm Snapdragon 8 Gen 3,10500,13.0,2024,regular,1,799.0,0.33054070074679953,516.78
Honor,Pad V10,8,MediaTek Dimensity 9000,8500,12.1,2024,regular,1,649.0,0.3048800216023436,442.9
POCO,F2 Pro 128GB,6,Snapdragon 865,4700,6.67,2020,Good,5,499.0,0.7,146.76
POCO,M2 Pro 64GB,4,Snapdragon 720G,5000,6.67,2020,Good,5,199.0,0.4746882270914216,106.77
POCO,X3 NFC 128GB,6,Snapdragon 732G,5160,6.67,2020,Good,5,229.0,0.21205223747620394,178.91
POCO,M3 64GB,4,Snapdragon 662,6000,6.53,2020,Good,5,149.0,0.2934106009486142,101.53
POCO,F3 128GB,6,Snapdragon 870,4520,6.67,2021,regular,4,349.0,0.7,102.24
POCO,X3 Pro 128GB,6,Snapdragon 860,5160,6.67,2021,Excellent,4,249.0,0.2283176026344411,192.21
POCO,M3 Pro 5G 64GB,4,MediaTek Dimensity 700,5000,6.5,2021,Excellent,4,199.0,0.1,182.02
POCO,F3 GT 128GB,6,MediaTek Dimensity 1200,5065,6.67,2021,Good,4,399.0,0.5798072336438009,161.15
POCO,X3 GT 128GB,6,MediaTek Dimensity 1100,5000,6.6,2021,Excellent,4,279.0,0.1,240.25
POCO,M4 Pro 5G 128GB,4,MediaTek Dimensity 810,5000,6.6,2021,Excellent,4,219.0,0.6683244440543864,73.59
POCO,F4 128GB,6,Snapdragon 870,4500,6.67,2022,Good,3,349.0,0.5700120164286622,148.69
POCO,F4 GT 128GB,8,Snapdragon 8 Gen 1,4700,6.67,2022,Good,3,499.0,0.18816952608531223,393.75
POCO,X4 Pro 5G 128GB,6,Snapdragon 695,5000,6.67,2022,regular,3,299.0,0.7,89.07
POCO,M4 Pro 128GB,6,MediaTek Helio G96,5000,6.43,2022,regular,3,219.0,0.46696387763185093,110.37
POCO,M5 128GB,4,MediaTek Helio G99,5000,6.58,2022,Good,3,199.0,0.5131934187805549,95.43
POCO,M5s 128GB,4,MediaTek Helio G95,5000,6.43,2022,Good,3,229.0,0.4211832043236187,131.21
POCO,F5 128GB,6,Snapdragon 7+ Gen 2,5000,6.67,2023,Good,2,349.0,0.1,313.74
POCO,F5 Pro 256GB,8,Snapdragon 8+ Gen 1,5160,6.67,2023,Good,2,499.0,0.1,435.53
POCO,X5 128GB,6,Snapdragon 695,5000,6.67,2023,Good,2,279.0,0.5074902043952904,135.53
POCO,X5 Pro 128GB,6,Snapdragon 778G,5000,6.67,2023,Good,2,329.0,0.1663061669733648,266.36
POCO,M6 64GB,4,MediaTek Helio G88,5000,6.58,2023,Good,2,199.0,0.14908788418950086,167.44
POCO,M6 Pro 128GB,6,Snapdragon 4 Gen 1,5000,6.79,2023,Good,2,219.0,0.1,191.5
POCO,X6 128GB,6,MediaTek Dimensity 8100,5000,6.67,2024,Good,1,349.0,0.30589976639836525,237.12
POCO,X6 Pro 256GB,8,MediaTek Dimensity 8300,5000,6.67,2024,Good,1,399.0,0.7,116.12
POCO,F6 128GB,6,Snapdragon 8 Gen 2,5000,6.67,2024,regular,1,449.0,0.1,401.99
POCO,F6 Pro 256GB,8,Snapdragon 8+ Gen 2,5160,6.67,2024,Good,1,549.0,0.2060548641681895,434.95
POCO,C65 64GB,4,MediaTek Helio G85,5000,6.5,2024,Excellent,1,149.0,0.40305513885385735,87.3
POCO,X7 128GB,6,MediaTek Dimensity 8200,5000,6.67,2025,regular,1,329.0,0.3300896521885712,217.22
POCO,X7 Pro 256GB,8,MediaTek Dimensity 8400,6000,6.67,2025,Good,1,399.0,0.31309294906243346,264.01
POCO,M7 5G 128GB,6,MediaTek Dimensity 7025,5110,6.67,2024,regular,1,229.0,0.1,202.08
Poco,Pad 5G 128GB,8,Snapdragon 7s Gen 2,10000,12.1,2024,Good,1,280.0,0.30707677430191216,190.96
Poco,Pad 5G 256GB,8,Snapdragon 7s Gen 2,10000,12.1,2024,Good,1,300.0,0.15321393374886277,260.21
Samsung,Galaxy Z Fold6 256GB,12,Snapdragon 8 Gen 3,4400,7.6,2024,Excellent,1,1899.0,0.29643249891996576,1293.75
Samsung,Galaxy Z Fold6 512GB,12,Snapdragon 8 Gen 3,4400,7.6,2024,Good,1,1719.0,0.49684651289118775,870.94
Samsung,Galaxy Z Fold6 1TB,12,Snapdragon 8 Gen 3,4400,7.6,2024,Good,1,2259.0,0.7,677.67
